issn,journal_title,accurate_title,author_instructions,editorial_board,facebook_url,home_page,linkedin_url,society_organization_1,society_organization_link_1,society_organization_2,society_organization_link_2,society_organization_3,society_organization_link_3,twitter_url,wikidata_url
"[""1938-9736"", ""1946-9837""]",Topics in companion animal medicine,,http://www.elsevier.com/journals/topics-in-companion-animal-medicine/1938-9736/guide-for-authors,https://www.journals.elsevier.com/topics-in-companion-animal-medicine/editorial-board,,https://www.journals.elsevier.com/topics-in-companion-animal-medicine,,,,,,,,,https://www.wikidata.org/wiki/Q15759986
"[""1939-8654"", ""1876-7982""]",Journal of medical imaging and radiation sciences,,http://www.elsevier.com/journals/journal-of-medical-imaging-and-radiation-sciences/1939-8654/guide-for-authors,https://www.journals.elsevier.com/journal-of-medical-imaging-and-radiation-sciences/editorial-board,https://www.facebook.com/JMIRS1/,https://www.journals.elsevier.com/journal-of-medical-imaging-and-radiation-sciences,,Canadian Association of Medical Radiation Technology,http://www.camrt.ca/,,,,,https://twitter.com/jmirs1,https://www.wikidata.org/wiki/Q15760197
"[""2055-6640"", ""2055-6659""]",Journal of virus eradication,,http://www.elsevier.com/journals/journal-of-virus-eradication/2055-6640/guide-for-authors,https://www.journals.elsevier.com/journal-of-virus-eradication/editorial-board,https://www.facebook.com/viruseradication/,https://www.journals.elsevier.com/journal-of-virus-eradication,,,,,,,,https://twitter.com/viruseradicate,https://www.wikidata.org/wiki/Q27726372
"[""2090-1224"", ""2090-1232""]",Journal of Advanced Research,,http://www.elsevier.com/journals/journal-of-advanced-research/2090-1232/guide-for-authors,https://www.journals.elsevier.com/journal-of-advanced-research/editorial-board,https://www.facebook.com/JAR.elsevier,https://www.journals.elsevier.com/journal-of-advanced-research,,,,,,,,https://twitter.com/jarcuhala,https://www.wikidata.org/wiki/Q26842618
"[""2095-2635"", ""2095-2643""]",Frontiers of Architectural Research,,http://www.keaipublishing.com/en/journals/frontiers-of-architectural-research/guide-for-authors/,https://www.sciencedirect.com/journal/frontiers-of-architectural-research/about/editorial-board,,https://www.sciencedirect.com/journal/frontiers-of-architectural-research,,,,,,,,,https://www.wikidata.org/wiki/Q24910601
"[""2095-5421"", ""2214-5141""]",The crop journal,,http://www.keaipublishing.com/en/journals/the-crop-journal/guide-for-authors/,https://www.sciencedirect.com/journal/the-crop-journal/about/editorial-board,,https://www.sciencedirect.com/journal/the-crop-journal,,,,,,,,,https://www.wikidata.org/wiki/Q27725855
"[""2095-6339"", ""2589-059X""]",International Soil and Water Conservation Research,,http://www.keaipublishing.com/en/journals/international-soil-and-water-conservation-research/guide-for-authors/,https://www.sciencedirect.com/journal/international-soil-and-water-conservation-research/about/editorial-board,,https://www.sciencedirect.com/journal/international-soil-and-water-conservation-research,,,,,,,,,https://www.wikidata.org/wiki/Q50810652
"[""2095-7564"", ""2589-0379""]",Journal of Traffic and Transportation Engineering,,http://www.keaipublishing.com/en/journals/journal-of-traffic-and-transportation-engineering-english-edition/guide-for-authors/,https://www.sciencedirect.com/journal/journal-of-traffic-and-transportation-engineering-english-edition/about/editorial-board,,https://www.sciencedirect.com/journal/journal-of-traffic-and-transportation-engineering-english-edition,,,,,,,,,https://www.wikidata.org/wiki/Q50810647
"[""2095-882X"", ""2589-0514""]",Chronic diseases and translational medicine,,http://www.keaipublishing.com/en/journals/chronic-diseases-and-translational-medicine/guide-for-authors/,https://www.sciencedirect.com/journal/chronic-diseases-and-translational-medicine/about/editorial-board,,https://www.sciencedirect.com/journal/chronic-diseases-and-translational-medicine,,,,,,,,,https://www.wikidata.org/wiki/Q50810645
"[""2096-0026"", ""2095-8099""]",Engineering,,http://www.elsevier.com/journals/engineering/2095-8099/guide-for-authors,https://www.journals.elsevier.com/engineering/editorial-board,,https://www.journals.elsevier.com/engineering,,,,,,,,,https://www.wikidata.org/wiki/Q27727050
"[""2096-1758"", ""2468-550X""]",Aquaculture and fisheries,,http://www.keaipublishing.com/en/journals/aquaculture-and-fisheries/guide-for-authors,https://www.sciencedirect.com/journal/aquaculture-and-fisheries/about/editorial-board,,https://www.sciencedirect.com/journal/aquaculture-and-fisheries,,,,,,,,,https://www.wikidata.org/wiki/Q50817735
"[""1282-9129""]",Encyclopédie médico-chirurgicale,EMC - Técnicas quirúrgicas - Aparato digestivo,,,,https://www.journals.elsevier.com/emc-tecnicas-quirurgicas-aparato-digestivo,,,,,,,,,https://www.wikidata.org/wiki/Q96698049
"[""2096-2320"", ""2589-5532""]",Journal of management science and engineering,,http://www.keaipublishing.com/en/journals/journal-of-management-science-and-engineering/guide-for-authors/,https://www.sciencedirect.com/journal/journal-of-management-science-and-engineering/about/editorial-board,,https://www.sciencedirect.com/journal/journal-of-management-science-and-engineering,,,,,,,,,https://www.wikidata.org/wiki/Q96717980
"[""1283-0771""]",Encyclopédie médico-chirurgicale,EMC - Anestesia-Rianimazione,,,,https://www.journals.elsevier.com/emc-anestesia-rianimazione,,,,,,,,,https://www.wikidata.org/wiki/Q96697906
"[""2096-2487"", ""2589-2975""]",International journal of innovation studies,,http://www.keaipublishing.com/en/journals/international-journal-of-innovation-studies/guide-for-authors/,https://www.sciencedirect.com/journal/international-journal-of-innovation-studies/about/editorial-board,,https://www.sciencedirect.com/journal/international-journal-of-innovation-studies,,,,,,,,,https://www.wikidata.org/wiki/Q59391291
"[""1283-078X""]",Encyclopédie médico-chirurgicale,EMC - Medicina Riabilitativa,,,,https://www.journals.elsevier.com/emc-medicina-riabilitativa,,,,,,,,,https://www.wikidata.org/wiki/Q96697975
"[""1283-081X""]",Encyclopédie médico-chirurgicale,EMC - Ginecología-Obstetricia,,,,https://www.journals.elsevier.com/emc-ginecologia-obstetricia,,,,,,,,,https://www.wikidata.org/wiki/Q96697951
"[""1286-9341""]",Encyclopédie médico-chirurgicale,EMC - UrgenzeEMC - Urgenze,,,,https://www.journals.elsevier.com/emc-urgenze,,,,,,,,,https://www.wikidata.org/wiki/Q96698079
"[""1286-935X""]",Encyclopédie médico-chirurgicale,EMC - Aparato Locomotor,,,,https://www.journals.elsevier.com/emc-aparato-locomotor,,,,,,,,,https://www.wikidata.org/wiki/Q96697912
"[""2096-479X"", ""2589-3777""]",Digital Chinese medicine,,http://www.keaipublishing.com/en/journals/digital-chinese-medicine/guide-for-authors/,https://www.sciencedirect.com/journal/digital-chinese-medicine/about/editorial-board,,https://www.sciencedirect.com/journal/digital-chinese-medicine,,,,,,,,,https://www.wikidata.org/wiki/Q96705891
"[""2096-5117"", ""2590-0358""]",Global energy interconnection,,http://www.keaipublishing.com/en/journals/global-energy-interconnection/guide-for-authors/,https://www.sciencedirect.com/journal/global-energy-interconnection/about/editorial-board,,https://www.sciencedirect.com/journal/global-energy-interconnection,,,,,,,,,https://www.wikidata.org/wiki/Q96704108
"[""1547-4127""]",Thoracic Surgery Clinics,,http://www.elsevier.com/journals/thoracic-surgery-clinics/1547-4127/guide-for-authors,https://www.journals.elsevier.com/thoracic-surgery-clinics/editorial-board,,https://www.journals.elsevier.com/thoracic-surgery-clinics,,,,,,,,,https://www.wikidata.org/wiki/Q26842155
"[""2096-5796"", ""2666-1209""]",虚拟现实与智能硬件,Virtual Reality & Intelligent Hardware,http://www.keaipublishing.com/en/journals/virtual-reality-and-intelligent-hardware/guide-for-authors/,https://www.sciencedirect.com/journal/virtual-reality-and-intelligent-hardware/about/editorial-board,,https://www.sciencedirect.com/journal/virtual-reality-and-intelligent-hardware,,,,,,,,,https://www.wikidata.org/wiki/Q96732750
"[""1634-7072""]",Encyclopédie médico-chirurgicale,EMC - Neurologia,,,,https://www.journals.elsevier.com/emc-neurologia,,,,,,,,,https://www.wikidata.org/wiki/Q96697978
"[""1776-0313""]",Encyclopédie médico-chirurgicale,EMC - Cosmetologia Medica e Medicina degli Inestetismi Cutanei,,,,https://www.journals.elsevier.com/emc-cosmetologia-medica-e-medicina-degli-inestetismi-cutanei,,,,,,,,,https://www.wikidata.org/wiki/Q96697932
"[""2096-6482"", ""2589-9651""]",Nano materials science,,http://www.keaipublishing.com/en/journals/nano-materials-science/guide-for-authors/,https://www.sciencedirect.com/journal/nano-materials-science/about/editorial-board,,https://www.sciencedirect.com/journal/nano-materials-science,,,,,,,,,https://www.wikidata.org/wiki/Q96717273
"[""2212-540X""]",Propulsion and power research,,http://www.keaipublishing.com/en/journals/propulsion-and-power-research/guide-for-authors/,https://www.sciencedirect.com/journal/propulsion-and-power-research/about/editorial-board,,https://www.sciencedirect.com/journal/propulsion-and-power-research,,,,,,,,,https://www.wikidata.org/wiki/Q50816107
"[""2213-4530""]",Food science and human wellness,,http://www.keaipublishing.com/en/journals/food-science-and-human-wellness/guide-for-authors/,https://www.sciencedirect.com/journal/food-science-and-human-wellness/about/editorial-board,,https://www.sciencedirect.com/journal/food-science-and-human-wellness,,,,,,,,,https://www.wikidata.org/wiki/Q50816228
"[""2096-7438"", ""2666-6839""]",Geography and sustainability,,http://www.elsevier.com/journals/geography-and-sustainability/2666-6839/guide-for-authors,https://www.journals.elsevier.com/geography-and-sustainability/editorial-board,,https://www.journals.elsevier.com/geography-and-sustainability,,,,,,,,https://twitter.com/geosus_journal,https://www.wikidata.org/wiki/Q96703526
"[""2213-9567""]",Journal of magnesium and alloys,,http://www.keaipublishing.com/en/journals/journal-of-magnesium-and-alloys/guide-for-authors/,https://www.sciencedirect.com/journal/journal-of-magnesium-and-alloys/about/editorial-board,,https://www.sciencedirect.com/journal/journal-of-magnesium-and-alloys,,,,,,,,,https://www.wikidata.org/wiki/Q50816223
"[""2192-4384"", ""2192-4376""]",EURO journal on transportation and logistics,,http://www.elsevier.com/journals/euro-journal-on-transportation-and-logistics/2192-4376/guide-for-authors,https://www.journals.elsevier.com/euro-journal-on-transportation-and-logistics/editorial-board,,https://www.journals.elsevier.com/euro-journal-on-transportation-and-logistics,,Association of European Operational Research Societies (EURO),https://www.euro-online.org/web/pages/1/home,,,,,,https://www.wikidata.org/wiki/Q39059061
"[""2214-3173""]",Information processing in agriculture,,http://www.keaipublishing.com/en/journals/information-processing-in-agriculture/guide-for-authors/,https://www.sciencedirect.com/journal/information-processing-in-agriculture/about/editorial-board,,https://www.sciencedirect.com/journal/information-processing-in-agriculture,,,,,,,,,https://www.wikidata.org/wiki/Q50816218
"[""2211-9132"", ""2211-9140""]",Kidney research and clinical practice,,,,,https://www.sciencedirect.com/journal/kidney-research-and-clinical-practice,,,,,,,,,https://www.wikidata.org/wiki/Q26842359
"[""2369-9698""]",Journal of bioresources and bioproducts,,http://www.keaipublishing.com/en/journals/journal-of-bioresources-and-bioproducts/guide-for-authors/,https://www.sciencedirect.com/journal/journal-of-bioresources-and-bioproducts/about/editorial-board,,https://www.sciencedirect.com/journal/journal-of-bioresources-and-bioproducts,,,,,,,,,https://www.wikidata.org/wiki/Q96711786
"[""2212-1374"", ""2212-1366""]",Journal of bone oncology,,http://www.elsevier.com/journals/journal-of-bone-oncology/2212-1374/guide-for-authors,https://www.journals.elsevier.com/journal-of-bone-oncology/editorial-board,,https://www.journals.elsevier.com/journal-of-bone-oncology,,,,,,,,,https://www.wikidata.org/wiki/Q26842683
"[""2405-805X""]",Synthetic and systems biotechnology,,http://www.keaipublishing.com/en/journals/synthetic-and-systems-biotechnology/guide-for-authors/,https://www.sciencedirect.com/journal/synthetic-and-systems-biotechnology/about/editorial-board,,https://www.sciencedirect.com/journal/synthetic-and-systems-biotechnology,,,,,,,,,https://www.wikidata.org/wiki/Q27727682
"[""2213-2929"", ""2213-3437""]",Journal of environmental chemical engineering,,http://www.elsevier.com/journals/journal-of-environmental-chemical-engineering/2213-3437/guide-for-authors,https://www.journals.elsevier.com/journal-of-environmental-chemical-engineering/editorial-board,,https://www.journals.elsevier.com/journal-of-environmental-chemical-engineering,,,,,,,,,https://www.wikidata.org/wiki/Q27727083
"[""2405-9188""]",The Journal of finance and data science,,http://www.keaipublishing.com/en/journals/the-journal-of-finance-and-data-science/guide-for-authors/,https://www.sciencedirect.com/journal/the-journal-of-finance-and-data-science/about/editorial-board,,https://www.sciencedirect.com/journal/the-journal-of-finance-and-data-science,,,,,,,,,https://www.wikidata.org/wiki/Q48644385
"[""2214-8604"", ""2214-7810""]",Additive manufacturing,,http://www.elsevier.com/journals/additive-manufacturing/2214-8604/guide-for-authors,https://www.journals.elsevier.com/additive-manufacturing/editorial-board,,https://www.journals.elsevier.com/additive-manufacturing,,"America Makes, the National Additive Manufacturing Innovation Institute",https://americamakes.us/,,,,,https://twitter.com/additivejournal,https://www.wikidata.org/wiki/Q59772752
"[""2214-9023"", ""1634-7080""]",Encyclopédie médico-chirurgicale,EMC - Cirugía General,,,,https://www.journals.elsevier.com/emc-cirugia-general,,,,,,,,,https://www.wikidata.org/wiki/Q96697923
"[""2214-9031"", ""1635-2505""]",Encyclopédie médico-chirurgicale,EMC - Cirugía Otorrinolaringológica y Cervicofacial,,,,https://www.journals.elsevier.com/emc-cirugia-otorrinolaringologica-y-cervicofacial,,,,,,,,,https://www.wikidata.org/wiki/Q96697927
"[""2405-9390""]",Veterinary parasitology,Veterinary Parasitology: Regional Studies and Reports,http://www.elsevier.com/journals/veterinary-parasitology-regional-studies-and-reports/2405-9390/guide-for-authors,https://www.journals.elsevier.com/veterinary-parasitology-regional-studies-and-reports/editorial-board,,https://www.journals.elsevier.com/veterinary-parasitology-regional-studies-and-reports,,,,,,,,,https://www.wikidata.org/wiki/Q27727345
"[""2214-9066"", ""1639-870X""]",Encyclopédie médico-chirurgicale,EMC - Otorinolaringoiatria,,,,https://www.journals.elsevier.com/emc-otorinolaringoiatria,,,,,,,,,https://www.wikidata.org/wiki/Q96697991
"[""2452-199X""]",Bioactive materials,,,,,,,,,,,,,,https://www.wikidata.org/wiki/Q50817670
"[""2214-9074"", ""1761-2896""]",Encyclopédie médico-chirurgicale,EMC - Dermatología,,,,https://www.journals.elsevier.com/emc-dermatologia,,,,,,,,,https://www.wikidata.org/wiki/Q96697938
"[""2214-9082"", ""1761-3310""]",Encyclopédie médico-chirurgicale,EMC - Urología,,,,https://www.journals.elsevier.com/emc-urologia,,,,,,,,,https://www.wikidata.org/wiki/Q96698082
"[""2468-5011""]",Translational medicine of aging,,http://www.keaipublishing.com/en/journals/translational-medicine-of-aging/guide-for-authors/,https://www.sciencedirect.com/journal/translational-medicine-of-aging/about/editorial-board,,https://www.sciencedirect.com/journal/translational-medicine-of-aging,,,,,,,,,https://www.wikidata.org/wiki/Q73542425
"[""2214-9937"", ""2214-9929""]",Sustainable materials and technologies,,http://www.elsevier.com/journals/sustainable-materials-and-technologies/2214-9937/guide-for-authors,https://www.journals.elsevier.com/sustainable-materials-and-technologies/editorial-board,,https://www.journals.elsevier.com/sustainable-materials-and-technologies,,,,,,,,,https://www.wikidata.org/wiki/Q63883058
"[""2468-6050""]",International journal of advanced nuclear reactor design and technology,,http://www.keaipublishing.com/en/journals/international-journal-of-advanced-nuclear-reactor-design-and-technology/guide-for-authors/,https://www.sciencedirect.com/journal/international-journal-of-advanced-nuclear-reactor-design-and-technology/about/editorial-board,,https://www.sciencedirect.com/journal/international-journal-of-advanced-nuclear-reactor-design-and-technology,,,,,,,,,https://www.wikidata.org/wiki/Q96710427
"[""2218-0648"", ""2077-1886""]","Journal of economics, finance and administrative science",,,,,https://www.sciencedirect.com/journal/journal-of-economics-finance-and-administrative-science,,,,,,,,,https://www.wikidata.org/wiki/Q73551815
"[""2225-6032"", ""2589-3025""]",Tropical cyclone research and review,,http://www.keaipublishing.com/en/journals/tropical-cyclone-research-and-review/guide-for-authors/,https://www.sciencedirect.com/journal/tropical-cyclone-research-and-review/about/editorial-board,,https://www.sciencedirect.com/journal/tropical-cyclone-research-and-review,,,,,,,,,https://www.wikidata.org/wiki/Q73544672
"[""2325-4262"", ""2096-9589""]",Chinese journal of population resources and environment,,https://www.editorialmanager.com/cjpre/default.aspx,https://www.sciencedirect.com/journal/chinese-journal-of-population-resources-and-environment/about/editorial-board,,https://www.sciencedirect.com/journal/chinese-journal-of-population-resources-and-environment,,Chinese Society for Sustainable Development,,,,,,,https://www.wikidata.org/wiki/Q63871591
"[""2542-5048""]",Advanced industrial and engineering polymer research,,http://www.keaipublishing.com/en/journals/advanced-industrial-and-engineering-polymer-research/guide-for-authors/,https://www.sciencedirect.com/journal/advanced-industrial-and-engineering-polymer-research/about/editorial-board,,https://www.sciencedirect.com/journal/advanced-industrial-and-engineering-polymer-research,,,,,,,,,https://www.wikidata.org/wiki/Q96697060
"[""2352-8559"", ""2352-8540""]",Natural gas industry B,,http://www.keaipublishing.com/en/journals/natural-gas-industry-b/guide-for-authors/,https://www.sciencedirect.com/journal/natural-gas-industry-b/about/editorial-board,,https://www.sciencedirect.com/journal/natural-gas-industry-b,,,,,,,,,https://www.wikidata.org/wiki/Q50811895
"[""2543-1064""]",Advances in biomarker sciences and technology,,http://www.keaipublishing.com/en/journals/advances-in-biomarker-sciences-and-technology/guide-for-authors/,https://www.sciencedirect.com/journal/advances-in-biomarker-sciences-and-technology/about/editorial-board,,https://www.sciencedirect.com/journal/advances-in-biomarker-sciences-and-technology,,,,,,,,,https://www.wikidata.org/wiki/Q96697292
"[""2352-9377"", ""1499-3872""]",Hepatobiliary & pancreatic diseases international,,http://www.elsevier.com/journals/hepatobiliary-and-pancreatic-diseases-international/1499-3872/guide-for-authors,https://www.journals.elsevier.com/hepatobiliary-and-pancreatic-diseases-international/editorial-board,,https://www.journals.elsevier.com/hepatobiliary-and-pancreatic-diseases-international,,,,,,,,,https://www.wikidata.org/wiki/Q26841832
"[""2588-9125""]",Water-energy nexus,,http://www.keaipublishing.com/en/journals/water-energy-nexus/guide-for-authors/,https://www.sciencedirect.com/journal/water-energy-nexus/about/editorial-board,,https://www.sciencedirect.com/journal/water-energy-nexus,,,,,,,,,https://www.wikidata.org/wiki/Q96733220
"[""2376-6123"", ""1674-2834""]",Atmospheric and Oceanic Science Letters,,http://www.keaipublishing.com/en/journals/atmospheric-and-oceanic-science-letters/guide-for-authors/,https://www.sciencedirect.com/journal/atmospheric-and-oceanic-science-letters/about/editorial-board,,https://www.sciencedirect.com/journal/atmospheric-and-oceanic-science-letters,,,,,,,,,https://www.wikidata.org/wiki/Q50521756
"[""2588-9133""]",Carbon resources conversion,,http://www.keaipublishing.com/en/journals/carbon-resources-conversion/guide-for-authors/,https://www.sciencedirect.com/journal/carbon-resources-conversion/about/editorial-board,,https://www.sciencedirect.com/journal/carbon-resources-conversion,,,,,,,,,https://www.wikidata.org/wiki/Q96699557
"[""2405-500X"", ""2405-5018""]",JACC: Clinical Electrophysiology,,http://www.elsevier.com/journals/jacc-clinical-electrophysiology/2405-500x/guide-for-authors,https://www.journals.elsevier.com/jacc-clinical-electrophysiology/editorial-board,,https://www.journals.elsevier.com/jacc-clinical-electrophysiology,,,,,,,,,https://www.wikidata.org/wiki/Q27726464
"[""2588-9141""]",Clinical ehealth,,http://www.keaipublishing.com/en/journals/clinical-ehealth/guide-for-authors/,https://www.sciencedirect.com/journal/clinical-ehealth/about/editorial-board,,https://www.sciencedirect.com/journal/clinical-ehealth,,,,,,,,,https://www.wikidata.org/wiki/Q96701327
"[""2405-8025"", ""2405-8033""]",Trends in cancer,,https://www.cell.com/trends/cancer/author-resources,https://www.cell.com/trends/cancer/advisory-board,,https://www.cell.com/trends/cancer/home,,,,,,,,https://twitter.com/trendscancer,https://www.wikidata.org/wiki/Q27726777
"[""2588-9303""]",Translational metabolic syndrome research,,http://www.keaipublishing.com/en/journals/translational-metabolic-syndrome-research/guide-for-authors/,https://www.sciencedirect.com/journal/translational-metabolic-syndrome-research/about/editorial-board,,https://www.sciencedirect.com/journal/translational-metabolic-syndrome-research,,,,,,,,,https://www.wikidata.org/wiki/Q73542426
"[""2588-9338""]",Journal of biosafety and biosecurity,,http://www.keaipublishing.com/en/journals/journal-of-biosafety-and-biosecurity/guide-for-authors/,https://www.sciencedirect.com/journal/journal-of-biosafety-and-biosecurity/about/editorial-board,,https://www.sciencedirect.com/journal/journal-of-biosafety-and-biosecurity,,,,,,,,,https://www.wikidata.org/wiki/Q96319396
"[""2405-8289"", ""2405-8297""]",Energy storage materials,,http://www.elsevier.com/journals/energy-storage-materials/2405-8297/guide-for-authors,https://www.journals.elsevier.com/energy-storage-materials/editorial-board,,https://www.journals.elsevier.com/energy-storage-materials,,,,,,,,,https://www.wikidata.org/wiki/Q63882899
"[""2589-238X""]",Brain hemorrhages,,http://www.keaipublishing.com/en/journals/brain-hemorrhages/guide-for-authors/,https://www.sciencedirect.com/journal/brain-hemorrhages/about/editorial-board,,https://www.sciencedirect.com/journal/brain-hemorrhages,,,,,,,,,https://www.wikidata.org/wiki/Q96697109
"[""2405-8505"", ""2405-8513""]",Journal of commodity markets,,http://www.elsevier.com/journals/journal-of-commodity-markets/2405-8513/guide-for-authors,https://www.journals.elsevier.com/journal-of-commodity-markets/editorial-board,,https://www.journals.elsevier.com/journal-of-commodity-markets,,,,,,,,,https://www.wikidata.org/wiki/Q96327532
"[""2589-2991""]",Materials science for energy technologies,,http://www.keaipublishing.com/en/journals/materials-science-for-energy-technologies/guide-for-authors/,https://www.sciencedirect.com/journal/materials-science-for-energy-technologies/about/editorial-board,,https://www.sciencedirect.com/journal/materials-science-for-energy-technologies,,,,,,,,,https://www.wikidata.org/wiki/Q96727682
"[""2414-6447"", ""2096-3947""]",Global health journal,,http://www.keaipublishing.com/en/journals/global-health-journal/guide-for-authors/,https://www.sciencedirect.com/journal/global-health-journal/about/editorial-board,,https://www.sciencedirect.com/journal/global-health-journal,,,,,,,,,https://www.wikidata.org/wiki/Q96319393
"[""2451-9448"", ""2451-9456""]",Cell chemical biology,,https://www.cell.com/cell-chemical-biology/author-resources,https://www.cell.com/cell-chemical-biology/editors-and-staff,,https://www.cell.com/cell-chemical-biology/home,,,,,,,,https://twitter.com/cellchembiol,https://www.wikidata.org/wiki/Q27727180
"[""2589-4714""]",Watershed ecology and the environment,,http://www.keaipublishing.com/en/journals/watershed-ecology-and-the-environment/guide-for-authors/,https://www.sciencedirect.com/journal/watershed-ecology-and-the-environment/about/editorial-board,,https://www.sciencedirect.com/journal/watershed-ecology-and-the-environment,,,,,,,,,https://www.wikidata.org/wiki/Q96733228
"[""2589-7217""]",Artificial intelligence in agriculture,,http://www.keaipublishing.com/en/journals/artificial-intelligence-in-agriculture/guide-for-authors/,https://www.sciencedirect.com/journal/artificial-intelligence-in-agriculture/about/editorial-board,,https://www.sciencedirect.com/journal/artificial-intelligence-in-agriculture,,,,,,,,,https://www.wikidata.org/wiki/Q96704440
"[""2589-7578""]",HydroResearch,,http://www.keaipublishing.com/en/journals/hydroresearch/guide-for-authors/,https://www.sciencedirect.com/journal/hydroresearch/about/editorial-board,,https://www.sciencedirect.com/journal/hydroresearch,,,,,,,,,https://www.wikidata.org/wiki/Q96707597
"[""2467-9674"", ""2096-2754""]",Underground space,,http://www.keaipublishing.com/en/journals/underground-space/guide-for-authors/,https://www.sciencedirect.com/journal/underground-space/about/editorial-board,,https://www.sciencedirect.com/journal/underground-space,,,,,,,,,https://www.wikidata.org/wiki/Q50807041
"[""2589-7918""]",Global transitions,,http://www.keaipublishing.com/en/journals/global-transitions/guide-for-authors/,https://www.sciencedirect.com/journal/global-transitions/about/editorial-board,,https://www.sciencedirect.com/journal/global-transitions,,,,,,,,,https://www.wikidata.org/wiki/Q96320959
"[""2468-0141"", ""2095-9885""]",Horticultural plant journal,,http://www.keaipublishing.com/en/journals/horticultural-plant-journal/guide-for-authors/,https://www.sciencedirect.com/journal/horticultural-plant-journal/about/editorial-board,,https://www.sciencedirect.com/journal/horticultural-plant-journal,,,,,,,,,https://www.wikidata.org/wiki/Q50810641
"[""2589-9589""]",Aging brain,,http://www.elsevier.com/journals/aging-brain/2589-9589/guide-for-authors,https://www.journals.elsevier.com/aging-brain/editorial-board,,https://www.journals.elsevier.com/aging-brain,,,,,,,,,https://www.wikidata.org/wiki/Q4692577
"[""2590-1826""]",Environmental chemistry and ecotoxicology,,http://www.keaipublishing.com/en/journals/environmental-chemistry-and-ecotoxicology/guide-for-authors/,https://www.sciencedirect.com/journal/environmental-chemistry-and-ecotoxicology/about/editorial-board,,https://www.sciencedirect.com/journal/environmental-chemistry-and-ecotoxicology,,,,,,,,,https://www.wikidata.org/wiki/Q96699095
"[""2468-0257"", ""2096-2797""]",Green energy & environment,,http://www.keaipublishing.com/en/journals/green-energy-and-environment/guide-for-authors/,https://www.sciencedirect.com/journal/green-energy-and-environment/about/editorial-board,,https://www.sciencedirect.com/journal/green-energy-and-environment,,,,,,,,,https://www.wikidata.org/wiki/Q50817716
"[""2468-0427"", ""2468-2152""]",Infectious disease modelling,,http://www.keaipublishing.com/en/journals/infectious-disease-modelling/guide-for-authors/,https://www.sciencedirect.com/journal/infectious-disease-modelling/about/editorial-board,,https://www.sciencedirect.com/journal/infectious-disease-modelling,,,,,,,,,https://www.wikidata.org/wiki/Q50817747
"[""2590-1834""]",Smart materials in medicine,,http://www.keaipublishing.com/en/journals/smart-materials-in-medicine/guide-for-authors/,https://www.sciencedirect.com/journal/smart-materials-in-medicine/about/editorial-board,,https://www.sciencedirect.com/journal/smart-materials-in-medicine,,,,,,,,,https://www.wikidata.org/wiki/Q96731366
"[""2590-2806""]",Urine,,http://www.keaipublishing.com/en/journals/urine/guide-for-authors/,https://www.sciencedirect.com/journal/urine/about/editorial-board,,https://www.sciencedirect.com/journal/urine,,,,,,,,,https://www.wikidata.org/wiki/Q96732008
"[""2468-0540"", ""2468-2160""]",Non-coding RNA research,,http://www.keaipublishing.com/en/journals/non-coding-rna-research/guide-for-authors/,https://www.sciencedirect.com/journal/non-coding-rna-research/about/editorial-board,,https://www.sciencedirect.com/journal/non-coding-rna-research,,,,,,,,,https://www.wikidata.org/wiki/Q50817746
"[""2665-9069""]",Biotechnology notes,,http://www.keaipublishing.com/en/journals/biotechnology-notes/guide-for-authors/,https://www.sciencedirect.com/journal/biotechnology-notes/about/editorial-board,,https://www.sciencedirect.com/journal/biotechnology-notes,,,,,,,,,https://www.wikidata.org/wiki/Q96696512
"[""2468-1210"", ""2468-1229""]",Hand surgery & rehabilitation,,http://www.elsevier.com/journals/hand-surgery-and-rehabilitation/2468-1229/guide-for-authors,https://www.journals.elsevier.com/hand-surgery-and-rehabilitation/editorial-board,,https://www.journals.elsevier.com/hand-surgery-and-rehabilitation,,,,,,,,,https://www.wikidata.org/wiki/Q27727389
"[""2666-1233""]",Energy and built environment,,http://www.keaipublishing.com/en/journals/energy-and-built-environment/guide-for-authors/,https://www.sciencedirect.com/journal/energy-and-built-environment/about/editorial-board,,https://www.sciencedirect.com/journal/energy-and-built-environment,,,,,,,,,https://www.wikidata.org/wiki/Q96698446
"[""2468-256X"", ""2543-151X""]",Journal of natural gas geoscience,,http://www.keaipublishing.com/en/journals/journal-of-natural-gas-geoscience/guide-for-authors/,https://www.sciencedirect.com/journal/journal-of-natural-gas-geoscience/about/editorial-board,,https://www.sciencedirect.com/journal/journal-of-natural-gas-geoscience,,,,,,,,,https://www.wikidata.org/wiki/Q50817742
"[""2666-1381""]",Engineered regeneration,,http://www.keaipublishing.com/en/journals/engineered-regeneration/guide-for-authors/,https://www.sciencedirect.com/journal/engineered-regeneration/about/editorial-board,,https://www.sciencedirect.com/journal/engineered-regeneration,,,,,,,,,https://www.wikidata.org/wiki/Q96698578
"[""2468-2659"", ""2096-2703""]",Plant diversity,,http://www.keaipublishing.com/en/journals/plant-diversity/guide-for-authors/,https://www.sciencedirect.com/journal/plant-diversity/about/editorial-board,,https://www.sciencedirect.com/journal/plant-diversity,,,,,,,,,https://www.wikidata.org/wiki/Q50817740
"[""2468-5925"", ""2352-8648""]",Digital communications and networks,,http://www.keaipublishing.com/en/journals/digital-communications-and-networks/guide-for-authors/,https://www.sciencedirect.com/journal/digital-communications-and-networks/about/editorial-board,,https://www.sciencedirect.com/journal/digital-communications-and-networks,,,,,,,,,https://www.wikidata.org/wiki/Q50817111
"[""2666-2469""]",Current research in chemical biology,,http://www.elsevier.com/journals/current-research-in-chemical-biology/2666-2469/guide-for-authors,https://www.journals.elsevier.com/current-research-in-chemical-biology/editorial-board,,https://www.journals.elsevier.com/current-research-in-chemical-biology,,,,,,,,,
"[""2468-9009"", ""2542-3614""]","Laparoscopic, endoscopic and robotic surgery",,http://www.keaipublishing.com/en/journals/laparoscopic-endoscopic-and-robotic-surgery/guide-for-authors/,https://www.sciencedirect.com/journal/laparoscopic-endoscopic-and-robotic-surgery/about/editorial-board,,https://www.sciencedirect.com/journal/laparoscopic-endoscopic-and-robotic-surgery,,,,,,,,,https://www.wikidata.org/wiki/Q96320951
"[""2666-285X""]",Global transitions proceedings,,http://www.keaipublishing.com/en/journals/global-transitions-proceedings/guide-for-authors/,https://www.sciencedirect.com/journal/global-transitions-proceedings/about/editorial-board,,https://www.sciencedirect.com/journal/global-transitions-proceedings,,,,,,,,,https://www.wikidata.org/wiki/Q96704609
"[""2524-1729"", ""2096-2495""]",Petroleum research,,http://www.keaipublishing.com/en/journals/petroleum-research/guide-for-authors/,https://www.sciencedirect.com/journal/petroleum-research/about/editorial-board,,https://www.sciencedirect.com/journal/petroleum-research,,Chinese Petroleum Society,http://www.cps.org.cn/,,,,,,https://www.wikidata.org/wiki/Q96725251
"[""2666-3074""]",International journal of cognitive computing in engineering,,http://www.keaipublishing.com/en/journals/international-journal-of-cognitive-computing-in-engineering/guide-for-authors/,https://www.sciencedirect.com/journal/international-journal-of-cognitive-computing-in-engineering/about/editorial-board,,https://www.sciencedirect.com/journal/international-journal-of-cognitive-computing-in-engineering,,,,,,,,,https://www.wikidata.org/wiki/Q96711447
"[""2542-5684"", ""2096-2878""]",Liver research,,http://www.keaipublishing.com/en/journals/liver-research/guide-for-authors/,https://www.sciencedirect.com/journal/liver-research/about/editorial-board,,https://www.sciencedirect.com/journal/liver-research,,,,,,,,,https://www.wikidata.org/wiki/Q96319940
"[""2666-3376""]",Sports medicine and health science,,http://www.keaipublishing.com/en/journals/sports-medicine-and-health-science/guide-for-authors/,https://www.sciencedirect.com/journal/sports-medicine-and-health-science/about/editorial-board,,https://www.sciencedirect.com/journal/sports-medicine-and-health-science,,,,,,,,,https://www.wikidata.org/wiki/Q96732403
"[""2577-4441"", ""2577-445X""]",International journal of geoheritage and parks,,http://www.keaipublishing.com/en/journals/international-journal-of-geoheritage-and-parks/guide-for-authors/,https://www.sciencedirect.com/journal/international-journal-of-geoheritage-and-parks/about/editorial-board,,https://www.sciencedirect.com/journal/international-journal-of-geoheritage-and-parks,,,,,,,,,https://www.wikidata.org/wiki/Q96712778
"[""2588-8404"", ""2589-7225""]",International journal of lightweight materials and manufacture,,http://www.keaipublishing.com/en/journals/international-journal-of-lightweight-materials-and-manufacture/guide-for-authors/,https://www.sciencedirect.com/journal/international-journal-of-lightweight-materials-and-manufacture/about/editorial-board,,https://www.sciencedirect.com/journal/international-journal-of-lightweight-materials-and-manufacture,,,,,,,,,https://www.wikidata.org/wiki/Q96713593
"[""2666-3511""]",Sensors international,,http://www.keaipublishing.com/en/journals/sensors-international/guide-for-authors/,https://www.sciencedirect.com/journal/sensors-international/about/editorial-board,,https://www.sciencedirect.com/journal/sensors-international,,,,,,,,,https://www.wikidata.org/wiki/Q96730445
"[""2589-1081"", ""2095-8811""]",World journal of otorhinolaryngology-head and neck surgery,,http://www.keaipublishing.com/en/journals/world-journal-of-otorhinolaryngology-head-and-neck-surgery/guide-for-authors/,https://www.sciencedirect.com/journal/world-journal-of-otorhinolaryngology-head-and-neck-surgery/about/editorial-board,,https://www.sciencedirect.com/journal/world-journal-of-otorhinolaryngology-head-and-neck-surgery,,,,,,,,,https://www.wikidata.org/wiki/Q50810646
"[""2590-2598"", ""2096-4501""]",Grain & oil science and technology,,http://www.keaipublishing.com/en/journals/grain-and-oil-science-and-technology/guide-for-authors/,https://www.sciencedirect.com/journal/grain-and-oil-science-and-technology/about/editorial-board,,https://www.sciencedirect.com/journal/grain-and-oil-science-and-technology,,,,,,,,,https://www.wikidata.org/wiki/Q96704798
"[""2666-3880""]",Gene and genome editing,,http://www.elsevier.com/journals/gene-and-genome-editing/2666-3880/guide-for-authors,https://www.journals.elsevier.com/gene-and-genome-editing/editorial-board,,https://www.journals.elsevier.com/gene-and-genome-editing,,,,,,,,,
"[""2659-5982"", ""1665-2681""]",Annals of hepatology,,http://www.elsevier.com/journals/annals-of-hepatology/1665-2681/guide-for-authors,https://www.journals.elsevier.com/annals-of-hepatology/editorial-board,,https://www.journals.elsevier.com/annals-of-hepatology,,,,,,,,,https://www.wikidata.org/wiki/Q15762182
"[""2666-4127""]",Sustainable operations and computers,,http://www.keaipublishing.com/en/journals/sustainable-operations-and-computers/guide-for-authors/,https://www.sciencedirect.com/journal/sustainable-operations-and-computers/about/editorial-board,,https://www.sciencedirect.com/journal/sustainable-operations-and-computers,,,,,,,,,
"[""2666-223X"", ""1674-862X""]",Journal of Electronic Science and Technology,,http://www.keaipublishing.com/en/journals/journal-of-electronic-science-and-technology/guide-for-authors/,https://www.sciencedirect.com/journal/journal-of-electronic-science-and-technology/about/editorial-board,,https://www.sciencedirect.com/journal/journal-of-electronic-science-and-technology,,,,,,,,,https://www.wikidata.org/wiki/Q50521752
"[""2666-4305""]",AJO-DO clinical companion,,http://www.elsevier.com/journals/ajo-do-clinical-companion/2666-4305/guide-for-authors,https://www.journals.elsevier.com/ajo-do-clinical-companion/editorial-board,,https://www.journals.elsevier.com/ajo-do-clinical-companion,,,,,,,,,
"[""2666-4496"", ""2096-7527""]",Journal of safety science and resilience,,http://www.keaipublishing.com/en/journals/journal-of-safety-science-and-resilience/guide-for-authors/,https://www.sciencedirect.com/journal/journal-of-safety-science-and-resilience/about/editorial-board,,https://www.sciencedirect.com/journal/journal-of-safety-science-and-resilience,,,,,,,,,
"[""2666-4453""]",Water cycle,,http://www.keaipublishing.com/en/journals/water-cycle/guide-for-authors/,https://www.sciencedirect.com/journal/water-cycle/about/editorial-board,,https://www.sciencedirect.com/journal/water-cycle,,,,,,,,,https://www.wikidata.org/wiki/Q96733193
"[""2666-626X"", ""2096-2428""]",Oil crop science,,http://www.keaipublishing.com/en/journals/oil-crop-science/guide-for-authors/,https://www.sciencedirect.com/journal/oil-crop-science/about/editorial-board,,https://www.sciencedirect.com/journal/oil-crop-science,,Oil Crops Research Institute,http://ocri.caas.cn/en/,,,,,,https://www.wikidata.org/wiki/Q96721129
"[""2666-4968""]",Applications in engineering science,,http://www.elsevier.com/journals/applications-in-engineering-science/2666-4968/guide-for-authors,https://www.journals.elsevier.com/applications-in-engineering-science/editorial-board,,https://www.journals.elsevier.com/applications-in-engineering-science,,,,,,,,,https://www.wikidata.org/wiki/Q96703000
"[""2666-9528"", ""2096-9147""]",Green chemical engineering,,http://www.keaipublishing.com/en/journals/green-chemical-engineering/guide-for-authors/,https://www.sciencedirect.com/journal/green-chemical-engineering/about/editorial-board,https://www.facebook.com/Green-Chemical-Engineering-Journal-112962817559905/,https://www.sciencedirect.com/journal/green-chemical-engineering,,,,,,,,https://twitter.com/greenche2,
"[""2666-5344""]",Biomaterials and biosystems,,http://www.elsevier.com/journals/biomaterials-and-biosystems/2666-5344/guide-for-authors,https://www.journals.elsevier.com/biomaterials-and-biosystems/editorial-board,,https://www.journals.elsevier.com/biomaterials-and-biosystems,,,,,,,,,
"[""2666-9536"", ""2096-7209""]",Blockchain: research and applications,,http://www.elsevier.com/journals/blockchain-research-and-applications/2096-7209/guide-for-authors,https://www.journals.elsevier.com/blockchain-research-and-applications/editorial-board,,https://www.journals.elsevier.com/blockchain-research-and-applications,,,,,,,,,
"[""2666-5441""]",Artificial intelligence in geosciences,,http://www.keaipublishing.com/en/journals/artificial-intelligence-in-geosciences/guide-for-authors/,https://www.sciencedirect.com/journal/artificial-intelligence-in-geosciences/about/editorial-board,,https://www.sciencedirect.com/journal/artificial-intelligence-in-geosciences,,,,,,,,,
"[""2667-1026"", ""2096-9376""]",Intelligent medicine,,http://www.elsevier.com/journals/intelligent-medicine/2667-1026/guide-for-authors,https://www.journals.elsevier.com/intelligent-medicine/editorial-board,,https://www.journals.elsevier.com/intelligent-medicine,,,,,,,,,
"[""2666-5549""]",Green synthesis and catalysis,,http://www.keaipublishing.com/en/journals/green-synthesis-and-catalysis/guide-for-authors/,https://www.sciencedirect.com/journal/green-synthesis-and-catalysis/about/editorial-board,,https://www.sciencedirect.com/journal/green-synthesis-and-catalysis,,,,,,,,,
"[""2667-1093"", ""2667-1107""]",Chem catalysis,,https://www.cell.com/chem-catalysis/author-resources,https://www.cell.com/chem-catalysis/editors-and-staff,,https://www.cell.com/chem-catalysis/home,,,,,,,,https://twitter.com/chemcatalysis,
"[""2666-5557""]",Radiation medicine and protection,,http://www.keaipublishing.com/en/journals/radiation-medicine-and-protection/guide-for-authors/,https://www.sciencedirect.com/journal/radiation-medicine-and-protection/about/editorial-board,,https://www.sciencedirect.com/journal/radiation-medicine-and-protection,,,,,,,,,https://www.wikidata.org/wiki/Q96716041
"[""2667-1662"", ""2211-033X""]",EMC técnicas quirúrgicas,EMC - Técnicas Quirúrgicas - Ortopedia y Traumatología,,,,https://www.journals.elsevier.com/emc-tecnicas-quirurgicas-ortopedia-y-traumatologia,,,,,,,,,https://www.wikidata.org/wiki/Q96698052
"[""2666-5603""]",SSM. Mental health,SSM - Mental Health,http://www.elsevier.com/journals/ssm-mental-health/2666-5603/guide-for-authors,https://www.journals.elsevier.com/ssm-mental-health/editorial-board,,https://www.journals.elsevier.com/ssm-mental-health,,,,,,,,,
"[""2667-2847"", ""0019-4522""]",Journal of the Indian Chemical Society,,http://www.elsevier.com/journals/journal-of-the-indian-chemical-society/0019-4522/guide-for-authors,https://www.journals.elsevier.com/journal-of-the-indian-chemical-society/editorial-board,,https://www.journals.elsevier.com/journal-of-the-indian-chemical-society,,,,,,,,,https://www.wikidata.org/wiki/Q83289382
"[""2667-291X"", ""2667-2901""]",Cells and development,,http://www.elsevier.com/journals/cells-and-development/2667-2901/guide-for-authors,https://www.journals.elsevier.com/cells-and-development/editorial-board,,https://www.journals.elsevier.com/cells-and-development,,The International Society of Developmental Biologists,http://www.developmental-biology.org/,,,,,https://twitter.com/CellsDev,
"[""2667-3258"", ""2096-9457""]",Fundamental research,,http://www.keaipublishing.com/cn/journals/fundamental-research/guide-for-authors/,https://www.sciencedirect.com/journal/fundamental-research/about/editorial-board,,https://www.sciencedirect.com/journal/fundamental-research,,National Natural Science Foundation of China,http://www.nsfc.gov.cn/publish/portal1/,,,,,,
"[""2666-6030""]",International journal of intelligent networks,,http://www.keaipublishing.com/en/journals/international-journal-of-intelligent-networks/guide-for-authors/,https://www.sciencedirect.com/journal/international-journal-of-intelligent-networks/about/editorial-board,,https://www.sciencedirect.com/journal/international-journal-of-intelligent-networks,,,,,,,,,
"[""2666-6472""]",Energetic materials frontiers,,http://www.keaipublishing.com/en/journals/energetic-materials-frontiers/guide-for-authors/,https://www.sciencedirect.com/journal/energetic-materials-frontiers/about/editorial-board,,https://www.sciencedirect.com/journal/energetic-materials-frontiers,,,,,,,,,https://www.wikidata.org/wiki/Q96698421
"[""8755-4615"", ""1873-2011""]",Computers & composition,,http://www.elsevier.com/journals/computers-and-composition/8755-4615/guide-for-authors,https://www.journals.elsevier.com/computers-and-composition/editorial-board,,https://www.journals.elsevier.com/computers-and-composition,,,,,,,,,https://www.wikidata.org/wiki/Q15766249
"[""2666-660X""]",Regional sustainability,,http://www.keaipublishing.com/cn/journals/regional-sustainability/guide-for-authors/,https://www.sciencedirect.com/journal/regional-sustainability/about/editorial-board,,https://www.sciencedirect.com/journal/regional-sustainability,,,,,,,,,
"[""8756-3282"", ""1873-2763""]",Bone,,http://www.elsevier.com/journals/bone/8756-3282/guide-for-authors,https://www.journals.elsevier.com/bone/editorial-board,,https://www.journals.elsevier.com/bone,,,,,,,,,https://www.wikidata.org/wiki/Q15755003
"[""2666-6766""]",Intelligent surgery,,http://www.keaipublishing.com/cn/journals/intelligent-surgery/guide-for-authors/,,,https://www.sciencedirect.com/journal/intelligent-surgery,,,,,,,,,
"[""0021-9258"", ""1083-351X"", ""1067-8816""]",The Journal of biological chemistry,,http://www.elsevier.com/journals/journal-of-biological-chemistry/0021-9258/guide-for-authors,https://www.journals.elsevier.com/journal-of-biological-chemistry/editorial-board,,https://www.journals.elsevier.com/journal-of-biological-chemistry,https://www.linkedin.com/company/journalofbiologicalchemistryjbc,American Society for Biochemistry and Molecular Biology,https://www.asbmb.org/,,,,,https://twitter.com/jbiolchem,https://www.wikidata.org/wiki/Q867727
"[""2666-6790""]",Tumour virus research,,https://www.elsevier.com/journals/tumour-virus-research/2666-6790/guide-for-authors,https://beta-journals.elsevier.com/tumour-virus-research/editorial-board,,https://www.journals.elsevier.com/tumour-virus-research,,,,,,,,,
"[""0167-7799"", ""0167-9430"", ""1879-3096""]",Trends in biotechnology,,https://www.cell.com/trends/biotechnology/author-resources,https://www.cell.com/trends/biotechnology/advisory-board,,https://www.cell.com/trends/biotechnology/home,,,,,,,,https://twitter.com/trendsinbiotech,https://www.wikidata.org/wiki/Q2451465
"[""2666-7592""]",Energy geoscience,,http://www.keaipublishing.com/en/journals/energy-geoscience/guide-for-authors/,https://www.sciencedirect.com/journal/energy-geoscience/about/editorial-board,,https://www.sciencedirect.com/journal/energy-geoscience,,,,,,,,,https://www.wikidata.org/wiki/Q96698476
"[""0884-2175"", ""1552-6909"", ""0090-0311""]",JOGN nursing,"Journal of Obstetric, Gynecologic & Neonatal Nursing",http://www.elsevier.com/journals/journal-of-obstetric-gynecologic-and-neonatal-nursing/0884-2175/guide-for-authors,https://www.journals.elsevier.com/journal-of-obstetric-gynecologic-and-neonatal-nursing/editorial-board,,https://www.journals.elsevier.com/journal-of-obstetric-gynecologic-and-neonatal-nursing,,"Association of Women's Health, Obstetric and Neonatal Nurses",https://www.awhonn.org/,,,,,https://twitter.com/jognn_journal,https://www.wikidata.org/wiki/Q27711832
"[""2666-7649""]",Data science and management,,http://www.keaipublishing.com/en/journals/data-science-and-management/guide-for-authors/,https://www.sciencedirect.com/journal/data-science-and-management/about/editorial-board,,https://www.sciencedirect.com/journal/data-science-and-management,,,,,,,,,
"[""1465-184X"", ""1465-1858"", ""1464-780X""]",The Cochrane library,,,,https://www.facebook.com/TheCochraneLibrary/,,,,,,,,,https://twitter.com/cochranelibrary,https://www.wikidata.org/wiki/Q27723768
"[""2666-7991""]",Applied corpus linguistics,,http://www.elsevier.com/journals/applied-corpus-linguistics/2666-7991/guide-for-authors,https://www.journals.elsevier.com/applied-corpus-linguistics/editorial-board,,https://www.journals.elsevier.com/applied-corpus-linguistics,,,,,,,,,
"[""1775-8785"", ""1250-3274"", ""1778-4190""]",Archives des maladies professionnelles et de médecine du travail,,http://www.elsevier.com/journals/archives-des-maladies-professionnelles-et-de-lenvironnement/1775-8785/guide-for-authors,https://www.journals.elsevier.com/archives-des-maladies-professionnelles-et-de-lenvironnement/editorial-board,,https://www.journals.elsevier.com/archives-des-maladies-professionnelles-et-de-lenvironnement,,,,,,,,,https://www.wikidata.org/wiki/Q54084436
"[""2666-9005""]",Climate change ecology,,http://www.elsevier.com/journals/climate-change-ecology/2666-9005/guide-for-authors,https://www.journals.elsevier.com/climate-change-ecology/editorial-board,,https://www.journals.elsevier.com/climate-change-ecology,,,,,,,,,
"[""2059-5387"", ""1356-1766"", ""0262-4079""]",New scientist,,,,,https://www.sciencedirect.com/journal/new-scientist,,,,,,,,,https://www.wikidata.org/wiki/Q525592
"[""2666-9331""]",China economic quarterly international,,http://www.keaipublishing.com/en/journals/china-economic-quarterly-international/guide-for-authors/,https://www.sciencedirect.com/journal/china-economic-quarterly-international/about/editorial-board,,https://www.sciencedirect.com/journal/china-economic-quarterly-international,,,,,,,,,
"[""2666-934X""]",JCIS open,,http://www.elsevier.com/journals/jcis-open/2666-934x/guide-for-authors,https://www.journals.elsevier.com/jcis-open/editorial-board,,https://www.journals.elsevier.com/jcis-open,,,,,,,,,https://www.wikidata.org/wiki/Q3902043
"[""2666-9358""]",Materials reports,Materials Reports: Energy,http://www.keaipublishing.com/en/journals/materials-reports-energy/guide-for-authors/,https://www.sciencedirect.com/journal/materials-reports-energy/about/editorial-board,,https://www.sciencedirect.com/journal/materials-reports-energy,,,,,,,,,
"[""2666-9552""]",Smart energy,,http://www.elsevier.com/journals/smart-energy/2666-9552/guide-for-authors,https://www.journals.elsevier.com/smart-energy/editorial-board,,https://www.journals.elsevier.com/smart-energy,,ENERGY,https://www.journals.elsevier.com/energy,,,,,,
"[""2666-9560""]",NeuroImage,,http://www.elsevier.com/journals/neuroimage/1053-8119/guide-for-authors,https://www.journals.elsevier.com/neuroimage/editorial-board,,https://www.journals.elsevier.com/neuroimage,,,,,,,,https://twitter.com/neuroimage_eic,https://www.wikidata.org/wiki/Q1981225
"[""2666-9706""]",Diabetes epidemiology and management,,http://www.elsevier.com/journals/diabetes-epidemiology-and-management/2666-9706/guide-for-authors,https://www.journals.elsevier.com/diabetes-epidemiology-and-management/editorial-board,,https://www.journals.elsevier.com/diabetes-epidemiology-and-management,,,,,,,,,
"[""2667-0380""]",Journal of clinical virology plus,,http://www.elsevier.com/journals/journal-of-clinical-virology-plus/2667-0380/guide-for-authors,https://www.journals.elsevier.com/journal-of-clinical-virology-plus/editorial-board,,https://www.journals.elsevier.com/journal-of-clinical-virology-plus,,Pan American Society for Clinical Virology,http://www.pascv.org/,,,,,,
"[""2667-0410""]",EFB bioeconomy journal,,http://www.elsevier.com/journals/efb-bioeconomy-journal/2667-0410/guide-for-authors,https://www.journals.elsevier.com/efb-bioeconomy-journal/editorial-board,,https://www.journals.elsevier.com/efb-bioeconomy-journal,,European Federation of Biotechnology,http://www.efbiotechnology.org/,,,,,,
"[""2667-0496""]",Neurology perspectives,,http://www.elsevier.com/journals/neurology-perspectives/2667-0496/guide-for-authors,https://www.journals.elsevier.com/neurology-perspectives/editorial-board,,https://www.journals.elsevier.com/neurology-perspectives,,,,,,,,,
"[""2667-0712""]",Reproduction and breeding,,http://www.keaipublishing.com/cn/journals/reproduction-and-breeding/guide-for-authors/,https://www.sciencedirect.com/journal/reproduction-and-breeding/about/editorial-board,,https://www.sciencedirect.com/journal/reproduction-and-breeding,,,,,,,,,
"[""2667-095X""]",Renewable and sustainable energy transition,,http://www.elsevier.com/journals/renewable-and-sustainable-energy-transition/2667-095x/guide-for-authors,https://www.journals.elsevier.com/renewable-and-sustainable-energy-transition/editorial-board,,https://www.journals.elsevier.com/renewable-and-sustainable-energy-transition,,,,,,,,,
"[""2667-0992""]",Biomedical engineering advances,,http://www.elsevier.com/journals/biomedical-engineering-advances/2667-0992/guide-for-authors,https://www.journals.elsevier.com/biomedical-engineering-advances/editorial-board,,https://www.journals.elsevier.com/biomedical-engineering-advances,,,,,,,,,
"[""2667-100X""]",Journal of intensive medicine,,http://www.elsevier.com/journals/journal-of-intensive-medicine/2667-100x/guide-for-authors,https://www.journals.elsevier.com/journal-of-intensive-medicine/editorial-board,,https://www.journals.elsevier.com/journal-of-intensive-medicine,,,,,,,,,
"[""2667-1115""]",Asia and the global economy,,http://www.elsevier.com/journals/asia-and-the-global-economy/2667-1115/guide-for-authors,https://www.journals.elsevier.com/asia-and-the-global-economy/editorial-board,,https://www.journals.elsevier.com/asia-and-the-global-economy,,,,,,,,,
"[""2667-1344""]",FirePhysChem,,,https://www.sciencedirect.com/journal/firephyschem/about/editorial-board,,https://www.sciencedirect.com/journal/firephyschem,,,,,,,,,
"[""2667-1360""]",Advances in archaeomaterials,,http://www.keaipublishing.com/cn/journals/advances-in-archaeomaterials/guide-for-authors/,https://www.sciencedirect.com/journal/advances-in-archaeomaterials/about/editorial-board,,https://www.sciencedirect.com/journal/advances-in-archaeomaterials,,,,,,,,,
"[""2667-1379""]",Advances in redox research,,http://www.elsevier.com/journals/advances-in-redox-research/2667-1379/guide-for-authors,https://www.journals.elsevier.com/advances-in-redox-research/editorial-board,,https://www.journals.elsevier.com/advances-in-redox-research,,,,,,,,,
"[""2667-1433""]",Journal of pipeline science and engineering,,http://www.keaipublishing.com/en/journals/journal-of-pipeline-science-and-engineering/guide-for-authors/,https://www.sciencedirect.com/journal/journal-of-pipeline-science-and-engineering/about/editorial-board,,https://www.sciencedirect.com/journal/journal-of-pipeline-science-and-engineering,,,,,,,,,
"[""2667-1646""]",Gynecology and obstetrics clinical medicine,,http://www.keaipublishing.com/en/journals/gynecology-and-obstetrics-clinical-medicine/guide-for-authors/,https://www.sciencedirect.com/journal/gynecology-and-obstetrics-clinical-medicine/about/editorial-board,,https://www.sciencedirect.com/journal/gynecology-and-obstetrics-clinical-medicine,,,,,,,,,
"[""2667-1743""]",Biological psychiatry global open science,,http://www.elsevier.com/journals/biological-psychiatry-global-open-science/2667-1743/guide-for-authors,https://www.journals.elsevier.com/biological-psychiatry-global-open-science/editorial-board,,https://www.journals.elsevier.com/biological-psychiatry-global-open-science,,,,,,,,,
"[""2667-2375""]",Cell reports methods,,,,,https://www.journals.elsevier.com/cell-reports-methods,,,,,,,,,
"[""2667-2413""]",Cognitive robotics,,http://www.keaipublishing.com/en/journals/cognitive-robotics/guide-for-authors/,https://www.sciencedirect.com/journal/cognitive-robotics/about/editorial-board,,https://www.sciencedirect.com/journal/cognitive-robotics,,,,,,,,,https://www.wikidata.org/wiki/Q1038799
"[""2667-2421""]",IBRO neuroscience reports,,https://www.elsevier.com/journals/ibro-neuroscience-reports/2667-2421/guide-for-authors,https://www.journals.elsevier.com/ibro-neuroscience-reports/editorial-board,,https://www.journals.elsevier.com/ibro-neuroscience-reports,,International Brain Research Organization,Neuroscience,,,,,,https://www.wikidata.org/wiki/Q106597625
"[""2667-2685""]",Clinical nutrition open science,,http://www.elsevier.com/journals/clinical-nutrition-open-science/2667-2685/guide-for-authors,https://www.journals.elsevier.com/clinical-nutrition-open-science/editorial-board,,https://www.journals.elsevier.com/clinical-nutrition-open-science,,,,,,,,,
"[""2667-2766""]",Exploratory research in clinical and social pharmacy,,http://www.elsevier.com/journals/exploratory-research-in-clinical-and-social-pharmacy/2667-2766/guide-for-authors,https://www.journals.elsevier.com/exploratory-research-in-clinical-and-social-pharmacy/editorial-board,https://www.facebook.com/ERCSPJournal/,https://www.journals.elsevier.com/exploratory-research-in-clinical-and-social-pharmacy,,,,,,,,,
"[""2667-2952""]",High-Confidence computing,,http://www.elsevier.com/journals/high-confidence-computing/2667-2952/guide-for-authors,https://www.journals.elsevier.com/high-confidence-computing/editorial-board,,https://www.journals.elsevier.com/high-confidence-computing,,,,,,,,,
"[""2667-3185""]",Artificial intelligence in the life sciences,,http://www.elsevier.com/journals/artificial-intelligence-in-the-life-sciences/2667-3185/guide-for-authors,https://www.journals.elsevier.com/artificial-intelligence-in-the-life-sciences/editorial-board,,https://www.journals.elsevier.com/artificial-intelligence-in-the-life-sciences,,,,,,,,,
"[""2667-3193""]",Journal of government and economics,,http://www.elsevier.com/journals/journal-of-government-and-economics/2667-3193/guide-for-authors,https://www.journals.elsevier.com/journal-of-government-and-economics/editorial-board,,https://www.journals.elsevier.com/journal-of-government-and-economics,,,,,,,,,
"[""2667-3797""]",Biomimetic intelligence and robotics,,http://www.elsevier.com/journals/biomimetic-intelligence-and-robotics/2667-3797/guide-for-authors,https://www.journals.elsevier.com/biomimetic-intelligence-and-robotics/editorial-board,,https://www.journals.elsevier.com/biomimetic-intelligence-and-robotics,,,,,,,,,
"[""2667-3967""]","Foot & Ankle Surgery: Techniques, Reports & Cases",,http://www.elsevier.com/journals/foot-and-ankle-surgery-techniques-reports-and-cases/2667-3967/guide-for-authors,https://www.journals.elsevier.com/foot-and-ankle-surgery-techniques-reports-and-cases/editorial-board,,https://www.journals.elsevier.com/foot-and-ankle-surgery-techniques-reports-and-cases,,,,,,,,,
"[""2772-2759""]",Measurement,Measurement: Food,https://www.elsevier.com/journals/measurement-food/2772-2759/guide-for-authors,https://beta-journals.elsevier.com/measurement-food/editorial-board,,https://www.journals.elsevier.com/measurement-food,,,,,,,,,
"[""2772-283X""]",Animal - Science proceedings,,http://www.elsevier.com/journals/animal-science-proceedings/2772-283x/guide-for-authors,https://www.journals.elsevier.com/animal-science-proceedings/editorial-board,,https://www.journals.elsevier.com/animal-science-proceedings,,British Society of Animal Science,https://bsas.org.uk/,,,,,,
"[""2772-3690""]",Additive manufacturing letters,,http://www.elsevier.com/journals/additive-manufacturing-letters/2772-3690/guide-for-authors,https://www.journals.elsevier.com/additive-manufacturing-letters/editorial-board,,https://www.journals.elsevier.com/additive-manufacturing-letters,,,,,,,,,
"[""2772-3747""]",JACC: Asia,,http://www.elsevier.com/journals/jacc-asia/2772-3747/guide-for-authors,https://www.journals.elsevier.com/jacc-asia/editorial-board,,https://www.journals.elsevier.com/jacc-asia,,,,,,,,,
"[""2772-3917""]",Journal of chromatography open,,http://www.elsevier.com/journals/journal-of-chromatography-open/2772-3917/guide-for-authors,https://www.journals.elsevier.com/journal-of-chromatography-open/editorial-board,,https://www.journals.elsevier.com/journal-of-chromatography-open,,,,,,,,,
"[""2772-3925""]",Addiction neuroscience,,http://www.elsevier.com/journals/addiction-neuroscience/2772-3925/guide-for-authors,https://www.journals.elsevier.com/addiction-neuroscience/editorial-board,,https://www.journals.elsevier.com/addiction-neuroscience,,,,,,,,,
"[""2772-4174""]",European journal of medicinal chemistry reports,,http://www.elsevier.com/journals/european-journal-of-medicinal-chemistry-reports/2772-4174/guide-for-authors,https://www.journals.elsevier.com/european-journal-of-medicinal-chemistry-reports/editorial-board,,https://www.journals.elsevier.com/european-journal-of-medicinal-chemistry-reports,,,,,,,,,
"[""0001-2998"", ""1558-4623""]",Seminars in nuclear medicine,,http://www.elsevier.com/journals/seminars-in-nuclear-medicine/0001-2998/guide-for-authors,https://www.journals.elsevier.com/seminars-in-nuclear-medicine/editorial-board,,https://www.journals.elsevier.com/seminars-in-nuclear-medicine,,,,,,,,,https://www.wikidata.org/wiki/Q15751827
"[""0020-6539"", ""1875-595X""]",International dental journal,,http://www.elsevier.com/journals/international-dental-journal/0020-6539/guide-for-authors,https://www.journals.elsevier.com/international-dental-journal/editorial-board,,https://www.journals.elsevier.com/international-dental-journal,,FDI World Dental Federation,https://www.fdiworlddental.org/,,,,,,https://www.wikidata.org/wiki/Q15759362
"[""0022-2275"", ""1539-7262""]",Journal of lipid research,,http://www.elsevier.com/journals/journal-of-lipid-research/0022-2275/guide-for-authors,https://www.journals.elsevier.com/journal-of-lipid-research/editorial-board,,https://www.journals.elsevier.com/journal-of-lipid-research,,American Society for Biochemistry and Molecular Biology,https://www.asbmb.org/,,,,,https://twitter.com/jlipidres,https://www.wikidata.org/wiki/Q6295449
"[""0033-3182"", ""1545-7206""]",Psychosomatics,,,,,https://www.journals.elsevier.com/psychosomatics,,,,,,,,,https://www.wikidata.org/wiki/Q7256494
"[""0166-0616"", ""1872-9797""]",Studies in mycology,,http://www.elsevier.com/journals/studies-in-mycology/0166-0616/guide-for-authors,https://www.journals.elsevier.com/studies-in-mycology/editorial-board,,https://www.journals.elsevier.com/studies-in-mycology,,The Westerdijk Fungal Biodiversity Institute,https://wi.knaw.nl/,,,,,,https://www.wikidata.org/wiki/Q2087787
"[""0185-1063"", ""2524-177X""]",Revista médica del Hospital General de México,,,,,https://www.sciencedirect.com/journal/revista-medica-del-hospital-general-de-mexico,,,,,,,,,https://www.wikidata.org/wiki/Q28841166
"[""0306-4565"", ""1879-0992""]",Journal of thermal biology,,http://www.elsevier.com/journals/journal-of-thermal-biology/0306-4565/guide-for-authors,https://www.journals.elsevier.com/journal-of-thermal-biology/editorial-board,,https://www.journals.elsevier.com/journal-of-thermal-biology,,,,,,,,,https://www.wikidata.org/wiki/Q2276769
"[""0731-7085"", ""1873-264X""]",Journal of pharmaceutical & biomedical analysis,,http://www.elsevier.com/journals/journal-of-pharmaceutical-and-biomedical-analysis/0731-7085/guide-for-authors,https://www.journals.elsevier.com/journal-of-pharmaceutical-and-biomedical-analysis/editorial-board,,https://www.journals.elsevier.com/journal-of-pharmaceutical-and-biomedical-analysis,,,,,,,,,https://www.wikidata.org/wiki/Q15752537
"[""0882-5963"", ""1532-8449""]",Journal of pediatric nursing,,http://www.elsevier.com/journals/journal-of-pediatric-nursing/0882-5963/guide-for-authors,https://www.journals.elsevier.com/journal-of-pediatric-nursing/editorial-board,,https://www.journals.elsevier.com/journal-of-pediatric-nursing,,Society of Pediatric Nurses,http://www.pedsnurses.org/,,,,,,https://www.wikidata.org/wiki/Q15763821
"[""0887-2171"", ""1558-5034""]","Seminars in ultrasound, CT, and MR",,http://www.elsevier.com/journals/seminars-in-ultrasound-ct-and-mri/0887-2171/guide-for-authors,https://www.journals.elsevier.com/seminars-in-ultrasound-ct-and-mri/editorial-board,,https://www.journals.elsevier.com/seminars-in-ultrasound-ct-and-mri,,,,,,,,,https://www.wikidata.org/wiki/Q15816298
"[""0952-3278"", ""1532-2823""]","Prostaglandins, leukotrienes and essential fatty acids",,https://www.elsevier.com/journals/prostaglandins-leukotrienes-and-essential-fatty-acids/0952-3278/guide-for-authors,https://www.journals.elsevier.com/prostaglandins-leukotrienes-and-essential-fatty-acids/editorial-board,,https://www.journals.elsevier.com/prostaglandins-leukotrienes-and-essential-fatty-acids,,International Society for the Study of Fatty Acids and Lipids,http://issfal.org.uk/,,,,,,https://www.wikidata.org/wiki/Q15753414
"[""0973-0826"", ""2352-4669""]",Energy for sustainable development,,http://www.elsevier.com/journals/energy-for-sustainable-development/0973-0826/guide-for-authors,https://www.journals.elsevier.com/energy-for-sustainable-development/editorial-board,,https://www.journals.elsevier.com/energy-for-sustainable-development,,International Energy Initiative,http://www.ieiglobal.org/,,,,,,https://www.wikidata.org/wiki/Q15817077
"[""1016-7315"", ""2212-5043""]",Journal of the Saudi Heart Association,,http://www.elsevier.com/journals/journal-of-the-saudi-heart-association/1016-7315/guide-for-authors,,,https://www.journals.elsevier.com/journal-of-the-saudi-heart-association,,,,,,,,,https://www.wikidata.org/wiki/Q26854020
"[""1040-7383"", ""1558-4496""]",Seminars in spine surgery,,,https://www.journals.elsevier.com/seminars-in-spine-surgery/editorial-board,,https://www.journals.elsevier.com/seminars-in-spine-surgery,,,,,,,,,https://www.wikidata.org/wiki/Q26839973
"[""1043-1489"", ""1558-4585""]",Seminars in colon & rectal surgery,,,https://beta-journals.elsevier.com/seminars-in-colon-and-rectal-surgery/editorial-board,,https://www.journals.elsevier.com/seminars-in-colon-and-rectal-surgery,,,,,,,,,https://www.wikidata.org/wiki/Q27721526
"[""1055-8586"", ""1532-9453""]",Seminars in pediatric surgery,,,https://www.journals.elsevier.com/seminars-in-pediatric-surgery/editorial-board,,https://www.journals.elsevier.com/seminars-in-pediatric-surgery,,,,,,,,,https://www.wikidata.org/wiki/Q18413009
"[""1059-1311"", ""1532-2688""]",Seizure - European Journal Of Epilepsy,,http://www.elsevier.com/journals/seizure-european-journal-of-epilepsy/1059-1311/guide-for-authors,https://www.journals.elsevier.com/seizure-european-journal-of-epilepsy/editorial-board,,https://www.journals.elsevier.com/seizure-european-journal-of-epilepsy,,,,,,,,,https://www.wikidata.org/wiki/Q15753758
"[""1060-1872"", ""1557-9794""]",Operative techniques in sports medicine,,http://www.elsevier.com/journals/operative-techniques-in-sports-medicine/1060-1872/guide-for-authors,https://www.journals.elsevier.com/operative-techniques-in-sports-medicine/editorial-board,,https://www.journals.elsevier.com/operative-techniques-in-sports-medicine,,,,,,,,,https://www.wikidata.org/wiki/Q15755980
"[""1067-991X"", ""1532-6497""]",Air medical journal,,http://www.elsevier.com/journals/air-medical-journal/1067-991x/guide-for-authors,https://www.journals.elsevier.com/air-medical-journal/editorial-board,,https://www.journals.elsevier.com/air-medical-journal,,Air & Surface Transport Nurses Association,http://www.astna.org/,,,,,,https://www.wikidata.org/wiki/Q15750850
"[""1073-8746"", ""1558-4631""]",Seminars in orthodontics,,,https://www.journals.elsevier.com/seminars-in-orthodontics/editorial-board,,https://www.journals.elsevier.com/seminars-in-orthodontics,,,,,,,,,https://www.wikidata.org/wiki/Q27714210
"[""1089-2516"", ""1557-9808""]",Techniques in vascular and interventional radiology,,,https://www.journals.elsevier.com/techniques-in-vascular-and-interventional-radiology/editorial-board,,https://www.journals.elsevier.com/techniques-in-vascular-and-interventional-radiology,,,,,,,,,https://www.wikidata.org/wiki/Q27717264
"[""1096-7508"", ""1559-2448""]",The international food and agribusiness management review,,,,,https://www.sciencedirect.com/journal/the-international-food-and-agribusiness-management-review,,,,,,,,,https://www.wikidata.org/wiki/Q2675358
"[""1097-6841"", ""0022-3913""]",The Journal of prosthetic dentistry,,http://www.elsevier.com/journals/journal-of-prosthetic-dentistry/0022-3913/guide-for-authors,https://www.journals.elsevier.com/journal-of-prosthetic-dentistry/editorial-board,,https://www.journals.elsevier.com/journal-of-prosthetic-dentistry,,,,,,,,,https://www.wikidata.org/wiki/Q15765160
"[""1245-1789"", ""2214-9244""]",Encyclopédie médico-chirurgicale,EMC - Pediatría,,,,https://www.journals.elsevier.com/emc-pediatria,,,,,,,,,https://www.wikidata.org/wiki/Q96319386
"[""1280-4703"", ""2214-8817""]",Encyclopédie médico-chirurgicale,EMC - Anestesia-Reanimación,,,,https://www.journals.elsevier.com/emc-anestesia-reanimacion,,,,,,,,,https://www.wikidata.org/wiki/Q96697903
"[""1293-2965"", ""2214-8884""]",Encyclopédie médico-chirurgicale,EMC - Kinesiterapia - Medicina Física,,,,https://www.journals.elsevier.com/emc-kinesiterapia-medicina-fisica,,,,,,,,,https://www.wikidata.org/wiki/Q96697961
"[""1532-3382"", ""1532-3390""]",The journal of evidence-based dental practice,,http://www.elsevier.com/journals/journal-of-evidence-based-dental-practice/1532-3382/guide-for-authors,https://www.journals.elsevier.com/journal-of-evidence-based-dental-practice/editorial-board,,https://www.journals.elsevier.com/journal-of-evidence-based-dental-practice,,,,,,,,,https://www.wikidata.org/wiki/Q15755390
"[""1532-8686"", ""0037-1963""]",Seminars in hematology,,http://www.elsevier.com/journals/seminars-in-hematology/0037-1963/guide-for-authors,https://www.journals.elsevier.com/seminars-in-hematology/editorial-board,,https://www.journals.elsevier.com/seminars-in-hematology,,,,,,,,,https://www.wikidata.org/wiki/Q15765535
"[""1532-8708"", ""0093-7754""]",Seminars in oncology,,http://www.elsevier.com/journals/seminars-in-oncology/0093-7754/guide-for-authors,https://www.journals.elsevier.com/seminars-in-oncology/editorial-board,,https://www.journals.elsevier.com/seminars-in-oncology,,,,,,,,,https://www.wikidata.org/wiki/Q14330412
"[""1532-9488"", ""1043-0679""]",Seminars in thoracic and cardiovascular surgery,,http://www.elsevier.com/journals/seminars-in-thoracic-and-cardiovascular-surgery/1043-0679/guide-for-authors,https://www.journals.elsevier.com/seminars-in-thoracic-and-cardiovascular-surgery/editorial-board,,https://www.journals.elsevier.com/seminars-in-thoracic-and-cardiovascular-surgery,,,,,,,,,https://www.wikidata.org/wiki/Q27709319
"[""1538-5442"", ""1538-3199""]",Current problems in pediatric and adolescent health care,,http://www.elsevier.com/journals/current-problems-in-pediatric-and-adolescent-health-care/1538-5442/guide-for-authors,https://www.journals.elsevier.com/current-problems-in-pediatric-and-adolescent-health-care/editorial-board,,https://www.journals.elsevier.com/current-problems-in-pediatric-and-adolescent-health-care,,,,,,,,,https://www.wikidata.org/wiki/Q15749435
"[""1542-2224"", ""1067-2516""]",The Journal of foot and ankle surgery,,http://www.elsevier.com/journals/the-journal-of-foot-and-ankle-surgery/1067-2516/guide-for-authors,https://www.journals.elsevier.com/the-journal-of-foot-and-ankle-surgery/editorial-board,,https://www.journals.elsevier.com/the-journal-of-foot-and-ankle-surgery,,,,,,,,,https://www.wikidata.org/wiki/Q15758389
"[""1544-6123"", ""1544-6131""]",Finance research letters,,https://www.elsevier.com/journals/finance-research-letters/1544-6123/guide-for-authors,https://www.sciencedirect.com/journal/finance-research-letters/about/editorial-board,,https://www.sciencedirect.com/journal/finance-research-letters,,,,,,,,,https://www.wikidata.org/wiki/Q15757278
"[""1557-3087"", ""1557-2013""]",Teaching and learning in nursing,,http://www.elsevier.com/journals/teaching-and-learning-in-nursing/1557-3087/guide-for-authors,https://www.journals.elsevier.com/teaching-and-learning-in-nursing/editorial-board,,https://www.journals.elsevier.com/teaching-and-learning-in-nursing,,Organization for Associate Degree Nursing,https://www.oadn.org/,,,,,https://twitter.com/teln_journal,https://www.wikidata.org/wiki/Q15763671
"[""1558-075X"", ""0146-0005""]",Seminars in perinatology,,,https://www.journals.elsevier.com/seminars-in-perinatology/editorial-board,,https://www.journals.elsevier.com/seminars-in-perinatology,,,,,,,,,https://www.wikidata.org/wiki/Q15763431
"[""1558-4437"", ""1045-4527""]",Seminars in arthroplasty,Seminars in Arthroplasty: JSES,http://www.elsevier.com/journals/seminars-in-arthroplasty-jses/1045-4527/guide-for-authors,https://www.journals.elsevier.com/seminars-in-arthroplasty-jses/editorial-board,,https://www.journals.elsevier.com/seminars-in-arthroplasty-jses,,,,,,,,,https://www.wikidata.org/wiki/Q27709879
"[""1558-4518"", ""0895-7967""]",Seminars in vascular surgery,,http://www.elsevier.com/journals/seminars-in-vascular-surgery/0895-7967/guide-for-authors,https://www.journals.elsevier.com/seminars-in-vascular-surgery/editorial-board,,https://www.journals.elsevier.com/seminars-in-vascular-surgery,,,,,,,,,https://www.wikidata.org/wiki/Q15816244
"[""1568-7856"", ""1568-7864""]",DNA repair,,http://www.elsevier.com/journals/dna-repair/1568-7864/guide-for-authors,https://www.journals.elsevier.com/dna-repair/editorial-board,,https://www.journals.elsevier.com/dna-repair,,,,,,,,https://twitter.com/repair_dna,https://www.wikidata.org/wiki/Q3894086
"[""1618-8667"", ""1610-8167""]",Urban forestry & urban greening (Internet),Urban Forestry & Urban Greening,http://www.elsevier.com/journals/urban-forestry-and-urban-greening/1618-8667/guide-for-authors,https://www.journals.elsevier.com/urban-forestry-and-urban-greening/editorial-board,https://www.facebook.com/urbanforestryurbangreening/,https://www.journals.elsevier.com/urban-forestry-and-urban-greening,,,,,,,,,https://www.wikidata.org/wiki/Q15765393
"[""1627-4830"", ""2214-0913""]",NPG,NPG Neurologie - Psychiatrie - Gériatrie,http://www.elsevier.com/journals/npg-neurologie-psychiatrie-geriatrie/1627-4830/guide-for-authors,https://www.journals.elsevier.com/npg-neurologie-psychiatrie-geriatrie/editorial-board,,https://www.journals.elsevier.com/npg-neurologie-psychiatrie-geriatrie,,,,,,,,,https://www.wikidata.org/wiki/Q63882994
"[""1631-0683"", ""1777-571X""]",Comptes rendus,Comptes Rendus: Palevol,,,,https://www.sciencedirect.com/journal/comptes-rendus-palevol,,,,,,,,,https://www.wikidata.org/wiki/Q3939499
"[""1631-0713"", ""1778-7025""]",Comptes rendus,Comptes Rendus: Geoscience,,,,https://www.sciencedirect.com/journal/comptes-rendus-geoscience,,,,,,,,,https://www.wikidata.org/wiki/Q15761324
"[""1631-073X"", ""1778-3569""]",Comptes rendus,Comptes Rendus Mathematique,,,,https://www.sciencedirect.com/journal/comptes-rendus-mathematique,,,,,,,,,https://www.wikidata.org/wiki/Q2974152
"[""1632-3475"", ""2214-8914""]",Encyclopédie médico-chirurgicale,EMC - Otorrinolaringología,,,,https://www.journals.elsevier.com/emc-otorrinolaringologia,,,,,,,,,https://www.wikidata.org/wiki/Q96697994
"[""1634-2143"", ""2214-8973""]",Encyclopédie médico-chirurgicale,EMC - Cirugía Plástica Reparadora y Estética,,,,https://www.journals.elsevier.com/emc-cirugia-plastica-reparadora-y-estetica,,,,,,,,,https://www.wikidata.org/wiki/Q96697929
"[""1636-5410"", ""2214-9406""]",Tratado de medicina,EMC - Tratado de medicina,http://www.elsevier.com/journals/biomimetic-intelligence-and-robotics/2667-3797/guide-for-authors,https://www.journals.elsevier.com/biomimetic-intelligence-and-robotics/editorial-board,,https://www.journals.elsevier.com/biomimetic-intelligence-and-robotics,,,,,,,,,https://www.wikidata.org/wiki/Q63882892
"[""1674-9278"", ""2524-1761""]",Advances in Climate Change Research,,http://www.keaipublishing.com/en/journals/advances-in-climate-change-research/guide-for-authors/,https://www.sciencedirect.com/journal/advances-in-climate-change-research/about/editorial-board,,https://www.sciencedirect.com/journal/advances-in-climate-change-research,,,,,,,,,https://www.wikidata.org/wiki/Q50521750
"[""1674-9847"", ""2589-0573""]",Geodesy and geodynamics,,http://www.keaipublishing.com/en/journals/geodesy-and-geodynamics/guide-for-authors/,https://www.sciencedirect.com/journal/geodesy-and-geodynamics/about/editorial-board,,https://www.sciencedirect.com/journal/geodesy-and-geodynamics,,,,,,,,,https://www.wikidata.org/wiki/Q50521748
"[""1743-9159"", ""1743-9191""]",International journal of surgery,,http://www.elsevier.com/journals/international-journal-of-surgery/1743-9191/guide-for-authors,https://www.journals.elsevier.com/international-journal-of-surgery/editorial-board,,https://www.journals.elsevier.com/international-journal-of-surgery,,,,,,,,,https://www.wikidata.org/wiki/Q6051604
"[""1743-9671"", ""1746-0220""]",Journal of the Energy Institute,,http://www.elsevier.com/journals/journal-of-the-energy-institute/1743-9671/guide-for-authors,https://www.journals.elsevier.com/journal-of-the-energy-institute/editorial-board,,https://www.journals.elsevier.com/journal-of-the-energy-institute,,,,,,,,,https://www.wikidata.org/wiki/Q15751084
"[""1746-0689"", ""1878-0164""]",International journal of osteopathic medicine,,http://www.elsevier.com/journals/international-journal-of-osteopathic-medicine/1746-0689/guide-for-authors,https://www.journals.elsevier.com/international-journal-of-osteopathic-medicine/editorial-board,,https://www.journals.elsevier.com/international-journal-of-osteopathic-medicine,https://www.linkedin.com/company/international-journal-of-osteopathic-medicine,General Osteopathic Council (UK),http://www.osteopathy.org.uk/,,,,,,https://www.wikidata.org/wiki/Q15755973
"[""1750-9467"", ""1878-0237""]",Research in autism spectrum disorders,,http://www.elsevier.com/journals/research-in-autism-spectrum-disorders/1750-9467/guide-for-authors,https://www.journals.elsevier.com/research-in-autism-spectrum-disorders/editorial-board,,https://www.journals.elsevier.com/research-in-autism-spectrum-disorders,,,,,,,,,https://www.wikidata.org/wiki/Q15716643
"[""1751-732X"", ""1751-7311""]",Animal,,http://www.elsevier.com/journals/animal/1751-7311/guide-for-authors,https://www.journals.elsevier.com/animal/editorial-board,,https://www.journals.elsevier.com/animal,,animal Consortium,https://animal-journal.eu/,,,,,,https://www.wikidata.org/wiki/Q2757752
"[""1751-9918"", ""1878-0210""]",Primary care diabetes,,https://www.elsevier.com/journals/primary-care-diabetes/1751-9918/guide-for-authors,https://www.journals.elsevier.com/primary-care-diabetes/editorial-board,,https://www.journals.elsevier.com/primary-care-diabetes,,Primary Care Diabetes Europe,https://www.pcdeurope.org/,,,,,,https://www.wikidata.org/wiki/Q15816763
"[""1755-4365"", ""1878-0067""]",Epidemics,,http://www.elsevier.com/journals/epidemics/1755-4365/guide-for-authors,https://www.journals.elsevier.com/epidemics/editorial-board,,https://www.journals.elsevier.com/epidemics,,,,,,,,,https://www.wikidata.org/wiki/Q15817375
"[""1755-5817"", ""1878-0016""]",CIRP journal of manufacturing science and technology,,http://www.elsevier.com/journals/cirp-journal-of-manufacturing-science-and-technology/1755-5817/guide-for-authors,https://www.journals.elsevier.com/cirp-journal-of-manufacturing-science-and-technology/editorial-board,,https://www.journals.elsevier.com/cirp-journal-of-manufacturing-science-and-technology,,,,,,,,,https://www.wikidata.org/wiki/Q15817614
"[""1762-827X"", ""2214-9155""]",Encyclopédie médico-chirurgicale,EMC - Podología,,,,https://www.journals.elsevier.com/emc-podologia,,,,,,,,,https://www.wikidata.org/wiki/Q96698005
"[""1768-3238"", ""1631-0691""]",Comptes rendus,Comptes Rendus Biologies,,,,https://www.sciencedirect.com/journal/comptes-rendus-biologies,,,,,,,,,https://www.wikidata.org/wiki/Q2092827
"[""1806-4841"", ""0365-0596""]",Anais brasileiros de dermatologia,,http://www.elsevier.com/journals/anais-brasileiros-de-dermatologia/0365-0596/guide-for-authors,https://www.journals.elsevier.com/anais-brasileiros-de-dermatologia/editorial-board,,https://www.journals.elsevier.com/anais-brasileiros-de-dermatologia,,Sociedade Brasileira de Dermatologia,https://www.sbd.org.br/,,,,,https://twitter.com/anbrasdermatol,https://www.wikidata.org/wiki/Q15750855
"[""1836-9561"", ""1836-9553""]",Journal of physiotherapy,,http://www.elsevier.com/journals/journal-of-physiotherapy/1836-9553/guide-for-authors,https://www.journals.elsevier.com/journal-of-physiotherapy/editorial-board,,https://www.journals.elsevier.com/journal-of-physiotherapy,,Australian Physiotherapy Association,http://www.physiotherapy.asn.au/,,,,,https://twitter.com/jphysiother,https://www.wikidata.org/wiki/Q7714931
"[""1873-4022"", ""0958-3947""]",Medical dosimetry,,http://www.elsevier.com/journals/medical-dosimetry/0958-3947/guide-for-authors,https://www.journals.elsevier.com/medical-dosimetry/editorial-board,,https://www.journals.elsevier.com/medical-dosimetry,,American Association of Medical Dosimetrists,http://medicaldosimetry.org/,,,,,,https://www.wikidata.org/wiki/Q15754333
"[""1873-5533"", ""1673-8527""]",Journal of genetics and genomics,,http://www.elsevier.com/journals/journal-of-genetics-and-genomics/1673-8527/guide-for-authors,https://www.journals.elsevier.com/journal-of-genetics-and-genomics/editorial-board,,https://www.journals.elsevier.com/journal-of-genetics-and-genomics,,,,,,,,,
"[""1873-6769"", ""0952-1976""]",Engineering applications of artificial intelligence,,http://www.elsevier.com/journals/engineering-applications-of-artificial-intelligence/0952-1976/guide-for-authors,https://www.journals.elsevier.com/engineering-applications-of-artificial-intelligence/editorial-board,,https://www.journals.elsevier.com/engineering-applications-of-artificial-intelligence,,,,,,,,,https://www.wikidata.org/wiki/Q3146611
"[""1875-175X"", ""1875-1768""]",Forensic Science International: Genetics Supplement Series,,,https://beta-journals.elsevier.com/forensic-science-international-genetics-supplement-series/editorial-board,,https://beta-journals.elsevier.com/forensic-science-international-genetics-supplement-series,,,,,,,,,https://www.wikidata.org/wiki/Q29043862
"[""1875-2136"", ""1875-2128""]",Archives of cardiovascular diseases,,http://www.elsevier.com/journals/archives-of-cardiovascular-diseases/1875-2136/guide-for-authors,https://www.journals.elsevier.com/archives-of-cardiovascular-diseases/editorial-board,,https://www.journals.elsevier.com/archives-of-cardiovascular-diseases,,French Society of Cardiology,https://www.sfcardio.fr/,,,,,,https://www.wikidata.org/wiki/Q2366616
"[""1875-9181"", ""1875-9157""]",Surgical pathology clinics,,http://www.elsevier.com/journals/surgical-pathology-clinics/1875-9181/guide-for-authors,https://www.journals.elsevier.com/surgical-pathology-clinics/editorial-board,,https://www.journals.elsevier.com/surgical-pathology-clinics,,,,,,,,,https://www.wikidata.org/wiki/Q27723038
"[""1875-9777"", ""1934-5909""]",Cell stem cell,,https://www.cell.com/cell-stem-cell/author-resources,https://www.cell.com/cell-stem-cell/editors-and-staff,https://www.facebook.com/cellstemcell/,https://www.cell.com/cell-stem-cell/home,,,,,,,,https://twitter.com/cellstemcell,https://www.wikidata.org/wiki/Q2943975
"[""1876-0988"", ""1959-0318""]",IRBM,,http://www.elsevier.com/journals/irbm/1959-0318/guide-for-authors,https://www.journals.elsevier.com/irbm/editorial-board,,https://www.journals.elsevier.com/irbm,,SFGBM,https://sfgbm.fr/,,,,,,
"[""1876-3804"", ""2096-4803""]",Petroleum exploration and development,,http://www.keaipublishing.com/en/journals/petroleum-exploration-and-development/guide-for-authors/,https://www.sciencedirect.com/journal/petroleum-exploration-and-development/about/editorial-board,,https://www.sciencedirect.com/journal/petroleum-exploration-and-development,,,,,,,,,https://www.wikidata.org/wiki/Q73544666
"[""1876-4665"", ""1092-9126""]",Seminars in thoracic and cardiovascular surgery,Seminars in Thoracic and Cardiovascular Surgery: Pediatric Cardiac Surgery Annual,https://www.elsevier.com/journals/seminars-in-thoracic-and-cardiovascular-surgery-pediatric-cardiac-surgery-annual/1092-9126/guide-for-authors,https://beta-journals.elsevier.com/seminars-in-thoracic-and-cardiovascular-surgery-pediatric-cardiac-surgery-annual/editorial-board,,https://www.journals.elsevier.com/seminars-in-thoracic-and-cardiovascular-surgery-pediatric-cardiac-surgery-annual,,,,,,,,,https://www.wikidata.org/wiki/Q26841826
"[""1876-7583"", ""1936-6574""]",Disability and health journal,,http://www.elsevier.com/journals/disability-and-health-journal/1936-6574/guide-for-authors,https://www.journals.elsevier.com/disability-and-health-journal/editorial-board,,https://www.journals.elsevier.com/disability-and-health-journal,,American Association on Health and Disability,http://www.aahd.us/,,,,,,https://www.wikidata.org/wiki/Q15816256
"[""1876-7591"", ""1936-878X""]",JACC: Cardiovascular Imaging,,http://www.elsevier.com/journals/jacc-cardiovascular-imaging/1936-878x/guide-for-authors,https://www.journals.elsevier.com/jacc-cardiovascular-imaging/editorial-board,,https://www.journals.elsevier.com/jacc-cardiovascular-imaging,,American College of Cardiology,http://imaging.onlinejacc.org/,,,,,,https://www.wikidata.org/wiki/Q15816252
"[""1876-7621"", ""1756-2317""]",Diagnostic histopathology,,,https://www.journals.elsevier.com/diagnostic-histopathology/editorial-board,,https://www.journals.elsevier.com/diagnostic-histopathology,,,,,,,,,https://www.wikidata.org/wiki/Q26842671
"[""1876-763X"", ""1756-0616""]","International journal of law, crime and justice",,http://www.elsevier.com/journals/international-journal-of-law-crime-and-justice/1756-0616/guide-for-authors,https://www.journals.elsevier.com/international-journal-of-law-crime-and-justice/editorial-board,,https://www.journals.elsevier.com/international-journal-of-law-crime-and-justice,,,,,,,,,https://www.wikidata.org/wiki/Q15753683
"[""1876-861X"", ""1934-5925""]",Journal of cardiovascular computed tomography,,http://www.elsevier.com/journals/journal-of-cardiovascular-computed-tomography/1934-5925/guide-for-authors,https://www.journals.elsevier.com/journal-of-cardiovascular-computed-tomography/editorial-board,,https://www.journals.elsevier.com/journal-of-cardiovascular-computed-tomography,,Society of Cardiovascular Computed Tomography,http://www.scct.org/,,,,,https://twitter.com/journalcct,https://www.wikidata.org/wiki/Q15817837
"[""1877-0312"", ""1877-0320""]",Revue française d'allergologie,,http://www.elsevier.com/journals/revue-francaise-dallergologie/1877-0320/guide-for-authors,https://www.journals.elsevier.com/revue-francaise-dallergologie/editorial-board,,https://www.journals.elsevier.com/revue-francaise-dallergologie,,,,,,,,https://twitter.com/rfallergo,https://www.wikidata.org/wiki/Q22965563
"[""1878-0040"", ""1755-4586""]","Emotion, space and society",,http://www.elsevier.com/journals/emotion-space-and-society/1755-4586/guide-for-authors,https://www.journals.elsevier.com/emotion-space-and-society/editorial-board,,https://www.journals.elsevier.com/emotion-space-and-society,,,,,,,,,https://www.wikidata.org/wiki/Q15764721
"[""1878-0083"", ""1754-5048""]",Fungal ecology,,https://www.elsevier.com/journals/fungal-ecology/1754-5048/guide-for-authors,https://beta-journals.elsevier.com/fungal-ecology/editorial-board,,https://www.journals.elsevier.com/fungal-ecology,,,,,,,,,https://www.wikidata.org/wiki/Q15817063
"[""1878-0148"", ""1750-5836""]",International journal of greenhouse gas control,,http://www.elsevier.com/journals/international-journal-of-greenhouse-gas-control/1750-5836/guide-for-authors,https://www.journals.elsevier.com/international-journal-of-greenhouse-gas-control/editorial-board,,https://www.journals.elsevier.com/international-journal-of-greenhouse-gas-control,,,,,,,,,https://www.wikidata.org/wiki/Q15765054
"[""1878-0180"", ""1751-6161""]",Journal of mechanical behavior of biomedical materials,,http://www.elsevier.com/journals/journal-of-the-mechanical-behavior-of-biomedical-materials/1751-6161/guide-for-authors,https://www.journals.elsevier.com/journal-of-the-mechanical-behavior-of-biomedical-materials/editorial-board,,https://www.journals.elsevier.com/journal-of-the-mechanical-behavior-of-biomedical-materials,,,,,,,,,https://www.wikidata.org/wiki/Q15760740
"[""1878-0199"", ""1755-2966""]",Mental health and physical activity,,http://www.elsevier.com/journals/mental-health-and-physical-activity/1755-2966/guide-for-authors,https://www.journals.elsevier.com/mental-health-and-physical-activity/editorial-board,,https://www.journals.elsevier.com/mental-health-and-physical-activity,,,,,,,,,https://www.wikidata.org/wiki/Q15817000
"[""1878-0229"", ""1755-0084""]",Renewable energy focus,,http://www.elsevier.com/journals/renewable-energy-focus/1755-0084/guide-for-authors,https://www.journals.elsevier.com/renewable-energy-focus/editorial-board,,https://www.journals.elsevier.com/renewable-energy-focus,,,,,,,,,https://www.wikidata.org/wiki/Q96331011
"[""1878-0938"", ""1553-8389""]",Cardiovascular revascularization medicine,,http://www.elsevier.com/journals/cardiovascular-revascularization-medicine/1553-8389/guide-for-authors,https://www.journals.elsevier.com/cardiovascular-revascularization-medicine/editorial-board,https://www.facebook.com/CardiovascRevascMed/,https://www.journals.elsevier.com/cardiovascular-revascularization-medicine,,,,,,,,https://twitter.com/crmjournal,https://www.wikidata.org/wiki/Q15816462
"[""1878-1535"", ""1631-0705""]",Comptes rendus,Comptes Rendus Physique,,,,https://www.sciencedirect.com/journal/comptes-rendus-physique,,,,,,,,,https://www.wikidata.org/wiki/Q2695657
"[""1878-1543"", ""1631-0748""]",Comptes rendus,Comptes Rendus: Chimie,,,,https://www.sciencedirect.com/journal/comptes-rendus-chimie,,,,,,,,,https://www.wikidata.org/wiki/Q2990850
"[""1878-1810"", ""1931-5244""]",Translational research,,http://www.elsevier.com/journals/translational-research/1931-5244/guide-for-authors,https://www.journals.elsevier.com/translational-research/editorial-board,,https://www.journals.elsevier.com/translational-research,,,,,,,,,https://www.wikidata.org/wiki/Q15761127
"[""1878-1861"", ""1440-2440""]",Journal of science and medicine in sport,,http://www.elsevier.com/journals/journal-of-science-and-medicine-in-sport/1440-2440/guide-for-authors,https://www.journals.elsevier.com/journal-of-science-and-medicine-in-sport/editorial-board,,https://www.journals.elsevier.com/journal-of-science-and-medicine-in-sport,,Sports Medicine Australia (SMA),http://www.sma.org.au/,,,,,https://twitter.com/_jsams,https://www.wikidata.org/wiki/Q15749592
"[""1878-5476"", ""1469-0292""]",Psychology of sport and exercise,,http://www.elsevier.com/journals/psychology-of-sport-and-exercise/1469-0292/guide-for-authors,https://www.journals.elsevier.com/psychology-of-sport-and-exercise/editorial-board,,https://www.journals.elsevier.com/psychology-of-sport-and-exercise,,,,,,,,,https://www.wikidata.org/wiki/Q15766556
"[""1878-7452"", ""1931-7204""]",Journal of surgical education,,http://www.elsevier.com/journals/journal-of-surgical-education/1931-7204/guide-for-authors,https://www.journals.elsevier.com/journal-of-surgical-education/editorial-board,,https://www.journals.elsevier.com/journal-of-surgical-education,,Association of Program Directors in Surgery,http://www.apds.org/,,,,,https://twitter.com/jsurgeduc,https://www.wikidata.org/wiki/Q15817219
"[""1878-7657"", ""1878-7649""]",European geriatric medicine,,,,,,,,,,,,,,https://www.wikidata.org/wiki/Q27723582
"[""1889-5433"", ""2254-5506""]",Medicina general y de familia,,,,,https://www.sciencedirect.com/journal/medicina-general-y-de-familia,,,,,,,,,https://www.wikidata.org/wiki/Q96728931
"[""1930-1111"", ""0740-2570""]",Seminars in diagnostic pathology,,http://www.elsevier.com/journals/seminars-in-diagnostic-pathology/0740-2570/guide-for-authors,https://www.journals.elsevier.com/seminars-in-diagnostic-pathology/editorial-board,,https://www.journals.elsevier.com/seminars-in-diagnostic-pathology,,,,,,,,,https://www.wikidata.org/wiki/Q15761551
"[""1931-6283"", ""1557-5063""]",Journal of exotic pet medicine,,http://www.elsevier.com/journals/journal-of-exotic-pet-medicine/1557-5063/guide-for-authors,https://www.journals.elsevier.com/journal-of-exotic-pet-medicine/editorial-board,,https://www.journals.elsevier.com/journal-of-exotic-pet-medicine,,European Association of Avian Veterinarians (EAAV),http://www.eaavonline.org/,,,,,,https://www.wikidata.org/wiki/Q15746709
"[""1933-2874"", ""1876-4789""]",Journal of clinical lipidology,,http://www.elsevier.com/journals/journal-of-clinical-lipidology/1933-2874/guide-for-authors,https://www.journals.elsevier.com/journal-of-clinical-lipidology/editorial-board,,https://www.journals.elsevier.com/journal-of-clinical-lipidology,,National Lipid Association,http://www.lipid.org/,,,,,https://twitter.com/lipidjournal,https://www.wikidata.org/wiki/Q15817174
"[""1935-861X"", ""1876-4754""]",Brain stimulation,,http://www.elsevier.com/journals/brain-stimulation/1935-861x/guide-for-authors,https://www.journals.elsevier.com/brain-stimulation/editorial-board,,https://www.journals.elsevier.com/brain-stimulation,,,,,,,,https://twitter.com/brainstimj,https://www.wikidata.org/wiki/Q15716729
"[""1936-8798"", ""1876-7605""]",JACC: Cardiovascular Interventions,,http://www.elsevier.com/journals/jacc-cardiovascular-interventions/1936-8798/guide-for-authors,https://www.journals.elsevier.com/jacc-cardiovascular-interventions/editorial-board,,https://www.journals.elsevier.com/jacc-cardiovascular-interventions,,,,,,,,,https://www.wikidata.org/wiki/Q15816248