issn,journal_title,accurate_title,author_instructions,editorial_board,facebook_url,home_page,linkedin_url,society_organization_1,society_organization_2,society_organization_3,society_organization_link_1,society_organization_link_2,society_organization_link_3,twitter_url,wikidata_url
"[""1061-4036"", ""1546-1718""]",Nature genetics,,https://www.nature.com/ng/for-authors,https://www.nature.com/ng/about/editors,,https://www.nature.com/ng/,,,,,,,,https://twitter.com/naturegenet,https://www.wikidata.org/wiki/Q976454
"[""2056-676X""]",Nature reviews,Nature Reviews Disease Primers,,,,https://www.nature.com/nrdp/,,,,,,,,,https://www.wikidata.org/wiki/Q24908540
"[""1878-7649"", ""1878-7657""]",European geriatric medicine,,https://www.springer.com/journal/41999/submission-guidelines,https://www.springer.com/journal/41999/editors,,https://www.springer.com/journal/41999,,,,,,,,,https://www.wikidata.org/wiki/Q27723582
"[""1476-5578"", ""1359-4184""]",Molecular psychiatry,,,https://www.nature.com/mp/editors/editorial-board,,https://www.nature.com/mp/,,,,,,,,,https://www.wikidata.org/wiki/Q6895973
"[""1573-2630"", ""0165-5701""]",International ophtalmology,,https://www.springer.com/journal/10792/submission-guidelines,https://www.springer.com/journal/10792/editors,,https://www.springer.com/journal/10792,,,,,,,,,https://www.wikidata.org/wiki/Q15763839
"[""2056-7944""]",npj genomic medicine,,,,,https://www.nature.com/npjgenmed/,,,,,,,,,https://www.wikidata.org/wiki/Q27727516
"[""0974-3626"", ""0973-7103"", ""0253-4134""]",Proceedings of the Indian Academy of Sciences. Chemical sciences,Journal of Chemical Sciences,https://www.springer.com/journal/12039/submission-guidelines,https://www.springer.com/journal/12039/editors,,https://www.springer.com/journal/12039,,,,,,,,,https://www.wikidata.org/wiki/Q15715953
"[""2397-3358""]",Nature reviews,Nature Reviews Chemistry,,,,https://www.nature.com/natrevchem/,,,,,,,,,https://www.wikidata.org/wiki/Q96319841
"[""0341-2687"", ""2366-6153""]",Schmalenbach Journal of Business Research,,https://www.springer.com/journal/41471/submission-guidelines#Instructions%20for%20Authors,https://www.springer.com/journal/41471/editors,https://www.facebook.com/sbur.info/,https://www.springer.com/journal/41471,,,,,,,,,https://de.wikipedia.org/wiki/Schmalenbach_Journal_of_Business_Research
"[""1759-4782"", ""1759-4774""]",Nature reviews,Nature Reviews Clinical Oncology,,,,https://www.nature.com/nrclinonc/,,,,,,,,,https://www.wikidata.org/wiki/Q641640
"[""2058-7546""]",Nature energy,,https://www.nature.com/nenergy/info/gta,,,https://www.nature.com/nenergy/,,,,,,,,,https://www.wikidata.org/wiki/Q27431245
"[""2522-5839""]",Nature machine intelligence,,,,,https://www.nature.com/natmachintell/,,,,,,,,,https://www.wikidata.org/wiki/Q44062926
"[""1745-2473"", ""1745-2481""]",Nature physics,,,,,https://www.nature.com/nphys/,,,,,,,,,https://www.wikidata.org/wiki/Q2108381
"[""0974-9853"", ""0970-3950""]",MĀPAN. Journal of Metrology Society of India,,https://www.springer.com/journal/12647/submission-guidelines,https://www.springer.com/journal/12647/editors,,https://www.springer.com/journal/12647,,Metrology Society of India,,,http://metrologyindia.org/,,,,https://www.wikidata.org/wiki/Q96331919
"[""1754-2189"", ""1750-2799""]",Nature protocols,,,,,https://www.nature.com/nprot/,,,,,,,,,https://www.wikidata.org/wiki/Q3337109
"[""0026-9255"", ""1436-5081""]",Monatshefte für Mathematik,,https://www.springer.com/journal/605/submission-guidelines,https://www.springer.com/journal/605/editors,,https://www.springer.com/journal/605,,,,,,,,,https://www.wikidata.org/wiki/Q1944084
"[""1466-4879"", ""1476-5470""]",Genes and immunity,,https://www.nature.com/gene/authors-and-referees/gta,https://www.nature.com/gene/editors/editorial-board,,https://www.nature.com/gene/,,,,,,,,,https://www.wikidata.org/wiki/Q15745246
"[""2509-4580"", ""2509-4599""]",MTZ extra,,,,,https://link.springer.com/journal/41490/volumes-and-issues,,,,,,,,,https://www.wikidata.org/wiki/Q96716534
"[""2044-5385""]",Blood cancer journal,,https://www.nature.com/bcj/authors-and-referees/gta,,,https://www.nature.com/bcj/,,,,,,,,,https://www.wikidata.org/wiki/Q2464036
"[""2052-7276"", ""2662-6810""]",Horticulture research,,,https://www.nature.com/hortres/about/editorial-board,,https://www.nature.com/hortres/,,,,,,,,,https://www.wikidata.org/wiki/Q27726631
"[""1884-4057"", ""1884-4049""]",NPG Asia materials,,https://www.nature.com/am/authors-and-referees,https://www.nature.com/am/about/editors,,https://www.nature.com/am/,,,,,,,,https://twitter.com/asiamaterials,https://www.wikidata.org/wiki/Q27727403
"[""2044-4052""]",Nutrition & diabetes,,https://www.nature.com/nutd/authors-and-referees,https://www.nature.com/nutd/editors,,https://www.nature.com/nutd/,,,,,,,,https://twitter.com/NutDiab_Journal,https://www.wikidata.org/wiki/Q27723824
"[""1881-1469"", ""0021-8820""]",Journal of antibiotics,,https://www.nature.com/ja/authors-and-referees,https://www.nature.com/ja/editors,,https://www.nature.com/ja/,,Japan Antibiotics Research Association,Society for Actinomycetes Japan,,http://www.antibiotics.or.jp/jara/jara-top.htm,http://www.actino.jp/index-e.html,,,https://www.wikidata.org/wiki/Q7743552
"[""2234-0491"", ""1229-7801""]",한국세라믹학회지,Journal of the Korean Ceramic Society,https://www.springer.com/journal/43207/submission-guidelines,https://www.springer.com/journal/43207/editors,,https://www.springer.com/journal/43207,,,,,,,,,https://www.wikidata.org/wiki/Q96329926
"[""1110-8630"", ""2090-2441""]",The Egyptian Journal of Medical Human Genetics (Print),The Egyptian Journal of Medical Human Genetics,https://jmhg.springeropen.com/submission-guidelines,https://jmhg.springeropen.com/about/editorial-board,,https://jmhg.springeropen.com/,,,,,,,,,https://www.wikidata.org/wiki/Q50497723
"[""0174-2442"", ""1615-6730""]",Colo-proctology,coloproctology,https://www.springer.com/journal/53/submission-guidelines,https://www.springer.com/journal/53/editors,,https://www.springer.com/journal/53,,,,,,,,,https://www.wikidata.org/wiki/Q59275318
"[""1226-119X""]",Yu'byeon'hag,Korea - Australia Rheology Journal,https://www.springer.com/journal/13367/submission-guidelines,https://www.springer.com/journal/13367/editors,,https://www.springer.com/journal/13367,,,,,,,,,https://www.wikidata.org/wiki/Q15765139
"[""1434-7636"", ""1434-5021""]",Granular matter,,https://www.springer.com/journal/10035/submission-guidelines,https://www.springer.com/journal/10035/editors,,https://www.springer.com/journal/10035,,,,,,,,,https://www.wikidata.org/wiki/Q2403377
"[""1868-8497"", ""1868-8500""]",Hormones & cancer,Discover Oncology,https://www.springer.com/journal/12672/submission-guidelines,https://www.springer.com/journal/12672/editors,,https://www.springer.com/journal/12672,,,,,,,,,https://www.wikidata.org/wiki/Q15716573
"[""2095-9907"", ""2059-3635""]",Signal transduction and targeted therapy,,,https://www.nature.com/sigtrans/about/editorial-board,,https://www.nature.com/sigtrans/,,,,,,,,,https://www.wikidata.org/wiki/Q27727200
"[""1674-7313"", ""1869-1897""]",Science China,Science China Earth Sciences,https://www.springer.com/journal/11430/submission-guidelines,https://www.springer.com/journal/11430/editors,,https://www.springer.com/journal/11430,,,,,,,,,https://www.wikidata.org/wiki/Q53952271
"[""2662-6721"", ""2567-8884""]",Recht innovativ,,,,,https://link.springer.com/journal/43442/volumes-and-issues,,,,,,,,,https://www.wikidata.org/wiki/Q96716838
"[""0138-9130"", ""1588-2861""]",Scientometrics :,Scientometrics,https://www.springer.com/journal/11192/submission-guidelines,https://www.springer.com/journal/11192/editors,,https://www.springer.com/journal/11192,,,,,,,,,https://www.wikidata.org/wiki/Q4049153
"[""1017-060X""]",بولتن انجمن ریاضی ایران,Bulletin of the Iranian Mathematical Society,https://www.springer.com/journal/41980/submission-guidelines,https://www.springer.com/journal/41980/editors,,https://www.springer.com/journal/41980,,,,,,,,,https://www.wikidata.org/wiki/Q15758989
"[""2234-7593"", ""1229-8557"", ""2005-4602""]",International Journal of the Korean Society of Precision Engineering,,,https://www.springer.com/journal/12541/editors,,https://www.springer.com/journal/12541,,,,,,,,,https://www.wikidata.org/wiki/Q15751742
"[""1476-5624"", ""1362-4393""]",Spinal cord,,,https://www.nature.com/sc/editors/editorial-board,,https://www.nature.com/sc/,,,,,,,,,https://www.wikidata.org/wiki/Q15752472
"[""1041-3545"", ""1573-3645""]",The Journal of medical humanities,,https://www.springer.com/journal/10912/submission-guidelines,https://www.springer.com/journal/10912/editors,,https://www.springer.com/journal/10912,,,,,,,,,https://www.wikidata.org/wiki/Q15749157
"[""1759-4804"", ""1759-4790""]",Nature reviews,Nature Reviews Rheumatology,,,,https://www.nature.com/nrrheum/,,,,,,,,,https://www.wikidata.org/wiki/Q2107227
"[""1674-733X"", ""1869-1919""]",Science China,Science China Information Sciences,https://www.springer.com/journal/11432/submission-guidelines,https://www.springer.com/journal/11432/editors,,https://www.springer.com/journal/11432,,,,,,,,,https://www.wikidata.org/wiki/Q21865838
"[""1869-1862"", ""1674-7283""]",Science China,Science China Mathematics,https://www.springer.com/journal/11425/submission-guidelines,https://www.springer.com/journal/11425/editors,,https://www.springer.com/journal/11425,,,,,,,,,https://www.wikidata.org/wiki/Q15758369
"[""2192-8622"", ""1616-1963""]",Versicherungsmagazin,,,https://www.springer.com/journal/35128/editors,,https://www.springer.com/journal/35128,,,,,,,,,https://www.wikidata.org/wiki/Q2518148
"[""2399-3650""]",Communications physics,,https://www.nature.com/commsphys/submit,https://www.nature.com/commsphys/about/editorial-board,,https://www.nature.com/commsphys/,,,,,,,,https://twitter.com/commsphys,https://www.wikidata.org/wiki/Q60049766
"[""2365-953X"", ""0049-8653""]",Lili. Zeitschrift für Literaturwissenschaft und Linguistik,Zeitschrift für Literaturwissenschaft und Linguistik,https://www.springer.com/journal/41244/submission-guidelines,https://www.springer.com/journal/41244/editors,,https://www.springer.com/journal/41244,,,,,,,,,https://www.wikidata.org/wiki/Q186704
"[""1432-1904"", ""0028-1042""]",Naturwissenschaften,The Science of Nature,https://www.springer.com/journal/114/submission-guidelines,https://www.springer.com/journal/114/editors,,https://www.springer.com/journal/114,,,,,,,,,https://www.wikidata.org/wiki/Q324878
"[""0031-2983"", ""1591-951X""]",Pathologica,,https://www.pathologica.it/about/submissions,https://www.pathologica.it/about/editorialTeam,,https://www.pathologica.it/,,,,,,,,,https://www.wikidata.org/wiki/Q15708802
"[""1748-7838"", ""1001-0602""]",Cell Research,,https://www.nature.com/cr/authors-and-referees,https://www.nature.com/cr/about/editors,,https://www.nature.com/cr/,,,,,,,,https://twitter.com/cell_res,https://www.wikidata.org/wiki/Q1524018
"[""0253-4126"", ""2347-4327"", ""0973-774X""]",Proceedings of the Indian Academy of Sciences. Earth and planetary sciences,Journal of Earth System Science,https://www.springer.com/journal/12040/submission-guidelines,https://www.springer.com/journal/12040/editors,,https://www.springer.com/journal/12040,,,,,,,,,https://www.wikidata.org/wiki/Q15716556
"[""2052-4463""]",Scientific data,,,https://www.nature.com/sdata/about/editorial-board,,https://www.nature.com/sdata/,,,,,,,,,https://www.wikidata.org/wiki/Q27725928
"[""1519-8928"", ""2316-7874""]",Nutrire,,https://www.springer.com/journal/41110/submission-guidelines,https://www.springer.com/journal/41110/editors,,https://www.springer.com/journal/41110,,,,,,,,,https://www.wikidata.org/wiki/Q50816840
"[""0034-6446"", ""1936-4814""]",The Review of Black political economy,,https://journals.sagepub.com/author-instructions/RBP,https://journals.sagepub.com/editorial-board/RBP,,https://journals.sagepub.com/home/rbp,,,,,,,,,https://www.wikidata.org/wiki/Q15763589
"[""2398-9629""]",Nature sustainability,,https://www.nature.com/natsustain/info/gta,,,https://www.nature.com/natsustain/,,,,,,,,,https://www.wikidata.org/wiki/Q56163864
"[""2662-7493"", ""2662-7507""]",Nachhaltige Industrie,,,,,http://link.springer.com/journal/43462,,,,,,,,,https://www.wikidata.org/wiki/Q96717189
"[""1749-4893"", ""1749-4885""]",Nature photonics,,,,,https://www.nature.com/nphoton/,,,,,,,,,https://www.wikidata.org/wiki/Q2108369
"[""1471-0064"", ""1471-0056""]",Nature reviews,Nature Reviews Genetics,,,,https://www.nature.com/nrg/,,,,,,,,,https://www.wikidata.org/wiki/Q1071824
"[""0300-8177"", ""1573-4919""]",Molecular and cellular biochemistry,,https://www.springer.com/journal/11010/submission-guidelines,https://www.springer.com/journal/11010/editors,,https://www.springer.com/journal/11010,,,,,,,,,https://www.wikidata.org/wiki/Q1573176
"[""2662-4443""]",Communications materials,,https://www.nature.com/commsmat/submit,https://www.nature.com/commsmat/about/editorial-board,,https://www.nature.com/commsmat/,,,,,,,,https://twitter.com/commsmaterials,https://www.wikidata.org/wiki/Q96319336
"[""1661-5751"", ""1661-5867""]",Journal für Verbraucherschutz und Lebensmittelsicherheit,Journal of Consumer Protection and Food Safety,https://www.springer.com/journal/3/submission-guidelines,https://www.springer.com/journal/3/editors,,https://www.springer.com/journal/3,,,,,,,,,https://www.wikidata.org/wiki/Q15750186
"[""1381-2890"", ""1573-1928""]",Social Psychology of Education,,https://www.springer.com/journal/11218/submission-guidelines,https://www.springer.com/journal/11218/editors,,https://www.springer.com/journal/11218,,,,,,,,,https://www.wikidata.org/wiki/Q15765795
"[""0102-7972"", ""1678-7153""]",Psicologia,,https://prc.springeropen.com/submission-guidelines,https://prc.springeropen.com/about/editorial-board,,https://prc.springeropen.com/,,Programa de Pós-graduação em Psicologia da Universidade Federal do Rio Grande do Sul,,,http://www.ufrgs.br/ppgpsicologia/,,,,https://www.wikidata.org/wiki/Q50516598
"[""2520-8187"", ""2199-8841""]",Return,,,https://www.springer.com/journal/41964/editors,,https://www.springer.com/journal/41964,,,,,,,,,https://www.wikidata.org/wiki/Q96718835
"[""0001-5954"", ""0236-5294"", ""1588-2632""]",Acta mathematica Academiae Scientiarum Hungaricae :,Acta Mathematica Hungarica,https://www.springer.com/journal/10474/submission-guidelines,https://www.springer.com/journal/10474/editors,,https://www.springer.com/journal/10474,,,,,,,,,https://www.wikidata.org/wiki/Q1191214
"[""2056-3973""]",npj aging and mechanisms of disease,,,,,https://www.nature.com/npjamd/,,,,,,,,,https://www.wikidata.org/wiki/Q27727292
"[""1170-7690"", ""1179-2027""]",PharmacoEconomics,,https://www.springer.com/journal/40273/submission-guidelines,https://www.springer.com/journal/40273/editors,,https://www.springer.com/journal/40273,,,,,,,,,https://www.wikidata.org/wiki/Q7180778
"[""1530-0366"", ""1098-3600""]",Genetics in medicine,,https://www.nature.com/gim/authors-and-referees,https://www.nature.com/gim/editors,https://www.facebook.com/GIMJournal/,https://www.nature.com/gim/,,American College of Medical Genetics and Genomics,,,https://www.acmg.net,,,https://twitter.com/gimjournal,https://www.wikidata.org/wiki/Q15765508
"[""2509-4602"", ""2509-4610""]",Sonderprojekte ATZ/MTZ,,,,,https://link.springer.com/journal/41491,,,,,,,,,https://www.wikidata.org/wiki/Q96731864
"[""2662-9992""]",Humanities & social sciences communications,,,,,https://www.nature.com/palcomms/,,,,,,,,,https://www.wikidata.org/wiki/Q96707473
"[""2398-6352""]",npj digital medicine,,https://www.nature.com/npjdigitalmed/authors-and-referees,https://www.nature.com/npjdigitalmed/about/editors,,https://www.nature.com/npjdigitalmed/,,,,,,,,,https://www.wikidata.org/wiki/Q73908508
"[""0968-5243"", ""1352-8661""]",Magma,"Magnetic Resonance Materials in Physics, Biology and Medicine",https://www.springer.com/journal/10334/submission-guidelines,https://www.springer.com/journal/10334/editors,,https://www.springer.com/journal/10334,,,,,,,,,https://www.wikidata.org/wiki/Q15763882
"[""2662-1347""]",Nature cancer,,,,,https://www.nature.com/natcancer/,,,,,,,,,https://www.wikidata.org/wiki/Q96319263
"[""1869-1900"", ""1674-7321""]",Science China,Science China Technological Sciences,https://www.springer.com/journal/11431/submission-guidelines,https://www.springer.com/journal/11431/editors,,https://www.springer.com/journal/11431,,,,,,,,,https://www.wikidata.org/wiki/Q96319354
"[""2662-8457""]",Nature Computational Science,,https://www.nature.com/natcomputsci/for-authors,https://www.nature.com/natcomputsci/about/editors,,https://www.nature.com/natcomputsci/,,,,,,,,https://twitter.com/natcomputsci,
"[""1951-6401"", ""1951-6355""]",The European physical journal,The European Physical Journal. Special Topics,https://www.springer.com/journal/11734/submission-guidelines,https://www.springer.com/journal/11734/editors,,https://www.springer.com/journal/11734,,,,,,,,,https://www.wikidata.org/wiki/Q1846769
"[""1476-5489"", ""0955-9930""]",International journal of impotence research,,https://www.nature.com/ijir/authors-and-referees,https://www.nature.com/ijir/editors,https://www.facebook.com/snijir/,https://www.nature.com/ijir/,,,,,,,,https://twitter.com/yoursexmedjour,https://www.wikidata.org/wiki/Q15749221
"[""0944-1344"", ""1614-7499""]",Environmental science and pollution research international,Environmental Science and Pollution Research,https://www.springer.com/journal/11356/submission-guidelines,https://www.springer.com/journal/11356/editors,,https://www.springer.com/journal/11356,,,,,,,,,https://www.wikidata.org/wiki/Q15750698
"[""1546-1726"", ""1097-6256""]",Nature neuroscience,,,,,https://www.nature.com/neuro/,,,,,,,,,https://www.wikidata.org/wiki/Q1535359
"[""2397-3374""]",Nature human behaviour,,https://www.nature.com/nathumbehav/info/gta,,,https://www.nature.com/nathumbehav/,,,,,,,,,https://www.wikidata.org/wiki/Q41787268
"[""0950-9240"", ""1476-5527""]",Journal of human hypertension,,,https://www.nature.com/jhh/editors/editorial-board,,https://www.nature.com/jhh/,,,,,,,,,https://www.wikidata.org/wiki/Q15746469
"[""0024-8525"", ""2192-8843""]",MTZ,MTZ - Motortechnische Zeitschrift,,https://www.springer.com/journal/35146/editors,,https://www.springer.com/journal/35146,,,,,,,,,https://www.wikidata.org/wiki/Q1950001
"[""0340-8078"", ""2196-6354""]",Der deutsche Dermatologe,,,,,https://www.springer.com/journal/15011,,,,,,,,,https://www.wikidata.org/wiki/Q96705183
"[""2365-6301"", ""2365-631X""]",Graphene technology,,https://www.springer.com/journal/41127/submission-guidelines,https://www.springer.com/journal/41127/editors,,https://www.springer.com/journal/41127,,,,,,,,,https://www.wikidata.org/wiki/Q96319561
"[""1738-2696"", ""2212-5469""]",Jo'jig gonghag gwa jaesaeng uihag,Tissue Engineering and Regenerative Medicine,https://www.springer.com/journal/13770/submission-guidelines,https://www.springer.com/journal/13770/editors,,https://www.springer.com/journal/13770,,,,,,,,,https://www.wikidata.org/wiki/Q96319998
"[""1793-2068"", ""1793-7078""]",Research and practice in technology enchanced learning,,https://telrp.springeropen.com/submission-guidelines,https://telrp.springeropen.com/about/editorial-board,,https://telrp.springeropen.com/,,,,,,,,,https://www.wikidata.org/wiki/Q15754063
"[""2510-5019"", ""1867-8343"", ""1614-3485"", ""2510-5027""]",Zeitschrift für Arbeitsmarktforschung,Journal for Labour Market Research,https://labourmarketresearch.springeropen.com/submission-guidelines,https://labourmarketresearch.springeropen.com/about/editorial-board,,https://labourmarketresearch.springeropen.com/,,,,,,,,,https://www.wikidata.org/wiki/Q50807110
"[""0971-8044""]",Resonance : journal of science and education,Resonance - Journal of Science Education,,https://www.ias.ac.in/Journals/Resonance_%E2%80%93_Journal_of_Science_Education/Editorial_Board,,https://www.ias.ac.in/Journals/Resonance_%E2%80%93_Journal_of_Science_Education/,,,,,,,,,https://www.wikidata.org/wiki/Q15754123
"[""1523-3820"", ""1534-6250""]",Current treatment options in infectious diseases,,https://www.springer.com/journal/40506/submission-guidelines,https://www.springer.com/journal/40506/editors,,https://www.springer.com/journal/40506,,,,,,,,,https://www.wikidata.org/wiki/Q26842059
"[""2730-9843"", ""2730-9835""]",maschinenbau,,,https://www.springer.com/journal/44029/editors,,https://www.springer.com/journal/44029,,,,,,,,,
"[""1436-4646"", ""0025-5610""]",Mathematical programming,,https://www.springer.com/journal/10107/submission-guidelines,https://www.springer.com/journal/10107/editors,,https://www.springer.com/journal/10107,,Mathematical Optimization Society,,,http://www.mathopt.org/,,,,https://www.wikidata.org/wiki/Q6786839
"[""0020-7128"", ""1432-1254""]",International journal of biometeorology,,https://www.springer.com/journal/484/submission-guidelines,https://www.springer.com/journal/484/editors,,https://www.springer.com/journal/484,,International Society of Biometeorology,,,https://uwm.edu/biometeorology/,,,,https://www.wikidata.org/wiki/Q2129754
"[""0948-7921"", ""1432-0487""]",Electrical engineering (Berlin. Print),Electrical engineering,https://www.springer.com/journal/202/submission-guidelines,https://www.springer.com/journal/202/editors,,https://www.springer.com/journal/202,,,,,,,,,https://www.wikidata.org/wiki/Q15759461
"[""1531-5878"", ""0278-081X""]","Circuits, systems, and signal processing",,https://www.springer.com/journal/34/submission-guidelines,https://www.springer.com/journal/34/editors,,https://www.springer.com/journal/34,,,,,,,,,https://www.wikidata.org/wiki/Q15762564
"[""2662-4710"", ""2662-4702""]",Journal of the Korean Ceramic Society,,https://www.springer.com/journal/43207/submission-guidelines,https://www.springer.com/journal/43207/editors,,https://www.springer.com/journal/43207,,,,,,,,,https://www.wikidata.org/wiki/Q96329926
"[""2008-1359"", ""2251-7456""]",Mathematical sciences,,https://www.springer.com/journal/40096/submission-guidelines,https://www.springer.com/journal/40096/editors,,https://www.springer.com/journal/40096,,,,,,,,,https://www.wikidata.org/wiki/Q50432013
"[""2364-1827"", ""2228-6179""]",Electrical & computer engineering,"Iranian Journal of Science and Technology, Transactions of Electrical Engineering",https://www.springer.com/journal/40998/submission-guidelines,https://www.springer.com/journal/40998/editors,,https://www.springer.com/journal/40998,,,,,,,,,https://www.wikidata.org/wiki/Q96325475
"[""1661-7746"", ""1661-7738""]",Journal of fixed point theory and its applications,,https://www.springer.com/journal/11784/submission-guidelines,https://www.springer.com/journal/11784/editors,,https://www.springer.com/journal/11784,,,,,,,,,https://www.wikidata.org/wiki/Q15427428
"[""1861-6909"", ""1813-7253""]",European review on aging and physical activity,,https://eurapa.biomedcentral.com/submission-guidelines,https://eurapa.biomedcentral.com/about/editorial-board,,https://eurapa.biomedcentral.com/,,,,,,,,,https://www.wikidata.org/wiki/Q15753428
"[""2057-3308"", ""2520-8675""]",BDJ in practice,,https://www.nature.com/bdjinpractice/for-authors,"",,https://www.nature.com/bdjinpractice/,,British Dental Association,,,http://www.bda.org/,,,,https://www.wikidata.org/wiki/Q96695444
"[""2055-1010""]",NPJ primary care respiratory medicine,,,,,https://www.nature.com/npjpcrm/,,,,,,,,,https://www.wikidata.org/wiki/Q27725534
"[""1343-8875"", ""1875-8975""]",Journal of visualization,,https://www.springer.com/journal/12650/submission-guidelines,https://www.springer.com/journal/12650/editors,,https://www.springer.com/journal/12650,,,,,,,,,https://www.wikidata.org/wiki/Q15765107
"[""1661-8300"", ""1661-8297""]",Logica universalis,,https://www.springer.com/journal/11787/submission-guidelines,https://www.springer.com/journal/11787/editors,,https://www.springer.com/journal/11787,,,,,,,,,https://www.wikidata.org/wiki/Q6667475
"[""2397-2106""]",npj Materials degradation,,,,,https://www.nature.com/npjmatdeg/,,,,,,,,,https://www.wikidata.org/wiki/Q50817397
"[""1744-9081""]",Behavioral and brain functions,,https://behavioralandbrainfunctions.biomedcentral.com/submission-guidelines,https://behavioralandbrainfunctions.biomedcentral.com/about/editorial-board,https://facebook.com/Behavioral-and-Brain-Functions-BBF-188895207800573/,https://behavioralandbrainfunctions.biomedcentral.com/,https://cn.linkedin.com/company/behavioral-and-brain-functions,,,,,,,https://twitter.com/JournalBbf,https://www.wikidata.org/wiki/Q4880714
"[""1341-8998"", ""1616-3915""]",Ichthyological research,,https://www.springer.com/journal/10228/submission-guidelines,https://www.springer.com/journal/10228/editors,,https://www.springer.com/journal/10228,,,,,,,,,https://www.wikidata.org/wiki/Q15760079
"[""1860-1871"", ""1860-188X""]",Landscape and ecological engineering,,https://www.springer.com/journal/11355/submission-guidelines,https://www.springer.com/journal/11355/editors,,https://www.springer.com/journal/11355,,International Consortium of Landscape and Ecological Engineering,,,https://www.iclee.website/,,,,https://www.wikidata.org/wiki/Q62665724
"[""1001-8042"", ""2210-3147""]",Nuclear Science and Techniques,,,https://www.springer.com/journal/41365/editors,,https://www.springer.com/journal/41365,,,,,,,,,https://www.wikidata.org/wiki/Q14511704
"[""2196-6397"", ""1436-123X""]",Neurotransmitter,,https://www.springer.com/journal/15016/submission-guidelines,https://www.springer.com/journal/15016/editors,,https://www.springer.com/journal/15016,,,,,,,,,https://www.wikidata.org/wiki/Q96718696
"[""1476-5640"", ""0954-3007""]",European journal of clinical nutrition,,https://www.nature.com/ejcn/authors-and-referees/gta,https://www.nature.com/ejcn/editors/editorial-board,,https://www.nature.com/ejcn/,,,,,,,,,https://www.wikidata.org/wiki/Q15756702
"[""1079-2724"", ""1573-8698""]",Journal of dynamical and control systems,,https://www.springer.com/journal/10883/submission-guidelines,https://www.springer.com/journal/10883/editors,,https://www.springer.com/journal/10883,,,,,,,,,https://www.wikidata.org/wiki/Q2025252
"[""1995-8196"", ""1006-4982""]",Transactions of Tianjin University,,https://www.springer.com/journal/12209/submission-guidelines,https://www.springer.com/journal/12209/editors,,https://www.springer.com/journal/12209,,Tianjin University,Academic Journal Publishing Center of Tianjin University,,http://www.tju.edu.cn/,http://journals.tju.edu.cn/,,,https://www.wikidata.org/wiki/Q15760204
"[""2366-0147"", ""2366-0139""]",Quality and user experience,,https://www.springer.com/journal/41233/submission-guidelines,https://www.springer.com/journal/41233/editors,,https://www.springer.com/journal/41233,,,,,,,,,https://www.wikidata.org/wiki/Q96731107
"[""0250-6335"", ""0973-7758""]",Journal of astrophysics and astronomy,,https://www.springer.com/journal/12036/submission-guidelines,https://www.springer.com/journal/12036/editors,,https://www.springer.com/journal/12036,,,,,,,,,https://www.wikidata.org/wiki/Q2151821
"[""1438-1435"", ""1070-3004""]",Emergency radiology,,https://www.springer.com/journal/10140/submission-guidelines,https://www.springer.com/journal/10140/editors,,https://www.springer.com/journal/10140,,,,,,,,,https://www.wikidata.org/wiki/Q27720813
"[""2157-846X""]",Nature biomedical engineering,,https://www.nature.com/natbiomedeng/info/gta,,,https://www.nature.com/natbiomedeng/,,,,,,,,,https://www.wikidata.org/wiki/Q96319649
"[""1869-1927"", ""1674-7348""]",Science China,"Science China Physics, Mechanics & Astronomy",https://www.springer.com/journal/11433/submission-guidelines,https://www.springer.com/journal/11433/editors,,https://www.springer.com/journal/11433,,,,,,,,,https://www.wikidata.org/wiki/Q1827291
"[""1078-8956"", ""1546-170X""]",Nature medicine,,,,,https://www.nature.com/nm/,,,,,,,,,https://www.wikidata.org/wiki/Q1633234
"[""1674-7291"", ""1869-1870""]",Science China,Science China Chemistry,https://www.springer.com/journal/11426/submission-guidelines,https://www.springer.com/journal/11426/editors,,https://www.springer.com/journal/11426,,,,,,,,,https://www.wikidata.org/wiki/Q29043819
"[""2059-7037""]",npj clean water,,https://www.nature.com/npjcleanwater/authors-and-referees,https://www.nature.com/npjcleanwater/about/editor,,https://www.nature.com/npjcleanwater/,,King Fahd University of Petroleum & Minerals,,,http://www.kfupm.edu.sa/,,,,https://www.wikidata.org/wiki/Q96719988
"[""0044-605X"", ""1751-0147""]",Acta veterinaria Scandinavica :,Acta veterinaria Scandinavica,https://actavetscand.biomedcentral.com/submission-guidelines,https://actavetscand.biomedcentral.com/about/editorial-board,,https://actavetscand.biomedcentral.com/,,,,,,,,,https://www.wikidata.org/wiki/Q15763576
"[""0023-6837"", ""1530-0307""]",Laboratory investigation,,,https://www.nature.com/labinvest/editors/editorial-board,,https://www.nature.com/labinvest/,,,,,,,,,https://www.wikidata.org/wiki/Q6467260
"[""1474-760X"", ""1474-7596""]",Genome biology,,https://genomebiology.biomedcentral.com/submission-guidelines,https://genomebiology.biomedcentral.com/about/editorial-board,https://www.facebook.com/GenomeBiology/,https://genomebiology.biomedcentral.com/,,,,,,,,https://twitter.com/genomebiology,https://www.wikidata.org/wiki/Q5533480
"[""1613-2238"", ""2198-1833"", ""0943-1853""]",Zeitschrift für Gesundheitswissenschaften,Journal of Public Health,https://www.springer.com/journal/10389/submission-guidelines,https://www.springer.com/journal/10389/editors,,https://www.springer.com/journal/10389,,,,,,,,,https://www.wikidata.org/wiki/Q15758479
"[""2397-3366""]",Nature astronomy,,,,,https://www.nature.com/natastron/,,,,,,,,,https://www.wikidata.org/wiki/Q46713190
"[""2251-6832"", ""2008-9163""]",International journal of energy and environmental engineering,,https://www.springer.com/journal/40095/submission-guidelines,https://www.springer.com/journal/40095/editors,,https://www.springer.com/journal/40095,,Islamic Azad University,,,http://www.intl.iau.ir,,,,https://www.wikidata.org/wiki/Q28807396
"[""1588-273X"", ""0133-3852""]",Analysis mathematica,,https://www.springer.com/journal/10476/submission-guidelines,https://www.springer.com/journal/10476/editors,,https://www.springer.com/journal/10476,,Akadémiai Kiadó Hungary,,,https://akjournals.com/view/journals/10476/10476-overview.xml?rskey=Kbf865&result=25,,,,https://www.wikidata.org/wiki/Q4033964
"[""2251-6581""]",Journal of diabetes and metabolic disorders,,https://www.springer.com/journal/40200/submission-guidelines,https://www.springer.com/journal/40200/editors,,https://www.springer.com/journal/40200,,,,,,,,,https://www.wikidata.org/wiki/Q27724561
"[""2042-0226"", ""1672-7681""]",Cellular & Molecular Immunology,,https://www.nature.com/cmi/authors-and-referees,https://www.nature.com/cmi/about/editors,,https://www.nature.com/cmi/,,Chinese Society of Immunology,University of Science and Technology of China,,http://english.csi.org.cn/,https://en.ustc.edu.cn/,,,https://www.wikidata.org/wiki/Q26842256
"[""0033-4533"", ""1420-9136"", ""0033-4553""]",Pure and applied geophysics,,https://www.springer.com/journal/24/submission-guidelines,https://www.springer.com/journal/24/editors,,https://www.springer.com/journal/24,,,,,,,,,https://www.wikidata.org/wiki/Q15752511
"[""0934-6694"", ""1439-0981""]",Operative Orthopädie und Traumatologie,,https://www.springer.com/journal/64/submission-guidelines,https://www.springer.com/journal/64/editors,,https://www.springer.com/journal/64,,,,,,,,,https://www.wikidata.org/wiki/Q27720996
"[""2005-4092"", ""1598-6446""]","International Journal of Control, Automation, and Systems",,https://www.springer.com/journal/12555/submission-guidelines,https://www.springer.com/journal/12555/editors,,https://www.springer.com/journal/12555,,Institute of Control Robotics and Systems,The Korean Institute of Electrical Engineers,,http://eng.icros.org/,http://eng.kiee.or.kr/,,https://twitter.com/ijacacs,https://www.wikidata.org/wiki/Q2552342
"[""2054-7617""]",BDJ team,,https://www.nature.com/bdjteam/authors-and-referees,https://www.nature.com/bdjteam/about-the-magazine/editors,https://www.facebook.com/bdjteam/,https://www.nature.com/bdjteam/,,British Dental Association,,,http://www.bda.org/,,,https://mobile.twitter.com/Editorkate2,https://www.wikidata.org/wiki/Q19596026
"[""1865-1550"", ""1865-1569""]",Oral and maxillofacial surgery,,https://www.springer.com/journal/10006/submission-guidelines,https://www.springer.com/journal/10006/editors,https://www.facebook.com/OandMSurgery/,https://www.springer.com/journal/10006,,"Mund-, Kiefer- und Gesichtschirurgie",,,https://www.dgmkg.com/,,,,https://www.wikidata.org/wiki/Q27721906
"[""2055-7124"", ""1226-4601""]",Biomaterials Research,,https://biomaterialsres.biomedcentral.com/submission-guidelines,https://biomaterialsres.biomedcentral.com/about/editorial-board,,https://biomaterialsres.biomedcentral.com/,,,,,,,,,https://www.wikidata.org/wiki/Q27726419
"[""1432-2285"", ""0931-1890""]",Trees (Berlin. Print),Trees,https://www.springer.com/journal/468/submission-guidelines,https://www.springer.com/journal/468/editors,,https://www.springer.com/journal/468,,,,,,,,,https://www.wikidata.org/wiki/Q15755136
"[""1432-1416"", ""0303-6812""]",Journal of mathematical biology,,https://www.springer.com/journal/285/submission-guidelines,https://www.springer.com/journal/285/editors,,https://www.springer.com/journal/285,,,,,,,,,https://www.wikidata.org/wiki/Q2093109
"[""2193-8407""]",Journal of homotopy and related structures,,https://www.springer.com/journal/40062/submission-guidelines,https://www.springer.com/journal/40062/editors,,https://www.springer.com/journal/40062,,,,,,,,,https://www.wikidata.org/wiki/Q15428801
"[""2363-8419"", ""2363-8427""]",Geomechanics and geophysics for geo-energy and geo-resources,,https://www.springer.com/journal/40948/submission-guidelines,https://www.springer.com/journal/40948/editors,,https://www.springer.com/journal/40948,,,,,,,,,https://www.wikidata.org/wiki/Q96328530
"[""0104-6632"", ""1678-4383""]",Brazilian Journal of Chemical Engineering,,https://www.springer.com/journal/43153/submission-guidelines,https://www.springer.com/journal/43153/editors,,https://www.springer.com/journal/43153,,,,,,,,,https://www.wikidata.org/wiki/Q15760722
"[""1573-1472"", ""0006-8314""]",Boundary - layer meteorology,,https://www.springer.com/journal/10546/submission-guidelines,https://www.springer.com/journal/10546/editors,,https://www.springer.com/journal/10546,,,,,,,,,https://www.wikidata.org/wiki/Q4949906
"[""1572-994X"", ""0920-8569""]",Virus genes,,https://www.springer.com/journal/11262/submission-guidelines,https://www.springer.com/journal/11262/editors,,https://www.springer.com/journal/11262,,,,,,,,,https://www.wikidata.org/wiki/Q15749213
"[""2730-7719""]",Discover Energy,,https://www.springer.com/journal/43937/submission-guidelines,https://www.springer.com/journal/43937/editors,,https://www.springer.com/journal/43937,,,,,,,,,
"[""1755-3180""]",Nature India,,,,,https://www.natureasia.com/en/nindia/authors,,,,,,,,,https://www.wikidata.org/wiki/Q2108418
"[""2730-664X""]",Communications medicine,,https://www.nature.com/commsmed/submit,https://www.nature.com/commsmed/about/editorial-board,,https://www.nature.com/commsmed/,,,,,,,,https://twitter.com/commsmedicine,
"[""0037-1912"", ""1432-2137""]",Semigroup forum,,https://www.springer.com/journal/233/submission-guidelines,https://www.springer.com/journal/233/editors,,https://www.springer.com/journal/233,,,,,,,,,https://www.wikidata.org/wiki/Q3478426
"[""2730-7794"", ""2730-7808""]",Advances in Computational Intelligence,,https://www.springer.com/journal/43674/submission-guidelines,https://www.springer.com/journal/43674/editors,,https://www.springer.com/journal/43674,,,,,,,,,https://www.wikidata.org/wiki/Q56557920
"[""2055-7434"", ""2096-1030""]",Microsystems & nanoengineering,,https://www.nature.com/micronano/authors-and-referees,https://www.nature.com/micronano/about/editorial-board,,https://www.nature.com/micronano/,,"Aerospace Information Research Institute, Chinese Academy of Sciences",,,http://english.ie.cas.cn/,,,,https://www.wikidata.org/wiki/Q50815283
"[""2251-7235"", ""2251-7227""]",Journal of theoretical and applied physics,,,,,https://link.springer.com/journal/40094/volumes-and-issues,,,,,,,,,https://www.wikidata.org/wiki/Q50811014
"[""0975-0320"", ""0030-3887""]",Opsearch,,https://www.springer.com/journal/12597/submission-guidelines,https://www.springer.com/journal/12597/editors,,https://www.springer.com/journal/12597,,Operational Research Society of India,,,http://www.orsi.in/,,,,https://www.wikidata.org/wiki/Q15751465
"[""2005-2863"", ""1226-3192"", ""1876-4231""]",Journal of the Korean Statistical Society,,https://www.springer.com/journal/42952/submission-guidelines,https://www.springer.com/journal/42952/editors,,https://www.springer.com/journal/42952,,Korean Statistical Society,,,https://www.kss.or.kr/english/en_main.htm,,,,https://www.wikidata.org/wiki/Q15760217
"[""1432-881X"", ""1432-2234""]",Theoretical Chemistry Accounts,,https://www.springer.com/journal/214/submission-guidelines,https://www.springer.com/journal/214/editors,,https://www.springer.com/journal/214,,,,,,,,,https://www.wikidata.org/wiki/Q3523765
"[""0748-4518"", ""1573-7799""]",Journal of quantitative criminology,,https://www.springer.com/journal/10940/submission-guidelines,https://www.springer.com/journal/10940/editors,,https://www.springer.com/journal/10940,,,,,,,,,https://www.wikidata.org/wiki/Q15767040
"[""2373-8065""]",NPJ microgravity,,,,,https://www.nature.com/npjmgrav/,,,,,,,,,https://www.wikidata.org/wiki/Q50817217
"[""2167-6275"", ""1523-3855""]",Current anesthesiology reports,,https://www.springer.com/journal/40140/submission-guidelines,https://www.springer.com/journal/40140/editors,,https://www.springer.com/journal/40140,,,,,,,,,https://www.wikidata.org/wiki/Q26842367
"[""1479-1889"", ""1363-3589""]",Corporate reputation review,,https://www.palgrave.com/gp/journal/41299/authors/submission,https://www.palgrave.com/gp/journal/41299/about/editorial-board,,https://www.palgrave.com/gp/journal/41299,https://www.linkedin.com/company/corporate-reputation-review/,,,,,,,,https://www.wikidata.org/wiki/Q15752505
"[""1867-0334"", ""1867-0342""]",Food and environmental virology,,https://www.springer.com/journal/12560/submission-guidelines,https://www.springer.com/journal/12560/editors,,https://www.springer.com/journal/12560,,,,,,,,,https://www.wikidata.org/wiki/Q26853961
"[""2522-5960"", ""2522-5979""]",Sales excellence,,,https://www.springer.com/journal/35141/editors,,https://www.springer.com/journal/35141/,,,,,,,,,https://www.wikidata.org/wiki/Q96727215
"[""0949-2321"", ""2047-783X""]",European journal of medical research,,https://eurjmedres.biomedcentral.com/submission-guidelines,https://eurjmedres.biomedcentral.com/about/editorial-board,,https://eurjmedres.biomedcentral.com/,,,,,,,,,https://www.wikidata.org/wiki/Q5412732
"[""1751-7362"", ""1751-7370""]",The ISME journal,,https://www.nature.com/ismej/authors-and-referees,https://www.nature.com/ismej/editors,https://www.facebook.com/isme.ismejournal/,https://www.nature.com/ismej/,,ISME,,,https://www.isme-microbes.org/,,,https://twitter.com/ismejournal,https://www.wikidata.org/wiki/Q7741240
"[""2212-9790"", ""1872-7859""]",MAST,Maritime Studies,https://www.springer.com/journal/40152/submission-guidelines,https://www.springer.com/journal/40152/editors,,https://www.springer.com/journal/40152,,,,,,,,,https://www.wikidata.org/wiki/Q50810894
"[""2157-9024""]",Oncogenesis,,https://www.nature.com/oncsis/authors-and-referees,https://www.nature.com/oncsis/editors,,https://www.nature.com/oncsis/,,,,,,,,,https://www.wikidata.org/wiki/Q27724395
"[""1916-0216"", ""1916-0208""]",Journal of otolaryngology-head and neck surgery,,https://journalotohns.biomedcentral.com/submission-guidelines,https://journalotohns.biomedcentral.com/about/editorial-board,,https://journalotohns.biomedcentral.com/,,,,,,,,,https://www.wikidata.org/wiki/Q14633040
"[""0340-4285"", ""1572-901X""]",Transition metal chemistry (Weinheim),Transition metal chemistry,https://www.springer.com/journal/11243/submission-guidelines,https://www.springer.com/journal/11243/editors,,https://www.springer.com/journal/11243,,,,,,,,,https://www.wikidata.org/wiki/Q15753795
"[""1759-507X"", ""1759-5061""]",Nature reviews,Nature Reviews Nephrology,,,,https://www.nature.com/nrneph/,,,,,,,,,https://www.wikidata.org/wiki/Q2079275
"[""2373-8529"", ""1934-4554""]",Financial markets and portfolio management,,https://www.springer.com/journal/11408/submission-guidelines,https://www.springer.com/journal/11408/editors,,https://www.springer.com/journal/11408,,,,,,,,,https://www.wikidata.org/wiki/Q1416192
"[""1559-0631"", ""1559-064X""]",Journal of exposure science & environmental epidemiology,,https://www.nature.com/jes/authors-and-referees/gta,https://www.nature.com/jes/editors/editorial-board,,https://www.nature.com/jes/,,,,,,,,,https://www.wikidata.org/wiki/Q15716699
"[""2110-5820""]",Annals of intensive care,,https://annalsofintensivecare.springeropen.com/submission-guidelines,https://annalsofintensivecare.springeropen.com/about/editorial-board,,https://annalsofintensivecare.springeropen.com/,,FICS,,,http://www.srlf.org/en/home/,,,,https://www.wikidata.org/wiki/Q18712109
"[""1936-976X"", ""1936-9751""]",Food analytical methods,,https://www.springer.com/journal/12161/submission-guidelines,https://www.springer.com/journal/12161/editors,,https://www.springer.com/journal/12161,,,,,,,,,https://www.wikidata.org/wiki/Q15817013
"[""0921-9668"", ""1573-9104""]",Plant foods for human nutrition,,https://www.springer.com/journal/11130/submission-guidelines,https://www.springer.com/journal/11130/editors,,https://www.springer.com/journal/11130,,,,,,,,,https://www.wikidata.org/wiki/Q3391507
"[""1474-1776"", ""1474-1784""]",Nature reviews,Nature Reviews Drug Discovery,,,,https://www.nature.com/nrd/,,,,,,,,,https://www.wikidata.org/wiki/Q45998
"[""2041-7136""]",Pastoralism,,https://pastoralismjournal.springeropen.com/submission-guidelines,https://pastoralismjournal.springeropen.com/about/editorial-board,,https://pastoralismjournal.springeropen.com/,,,,,,,,,https://www.wikidata.org/wiki/Q27725523
"[""1673-565X"", ""1862-1775""]",Journal of Zhejiang University,,https://www.springer.com/journal/11582/submission-guidelines,https://www.springer.com/journal/11582/editors,,https://www.springer.com/journal/11582,,,,,,,,,https://www.wikidata.org/wiki/Q15762056
"[""2199-241X"", ""2199-2401""]",Mammal research,,https://www.springer.com/journal/13364/submission-guidelines,https://www.springer.com/journal/13364/editors,,https://www.springer.com/journal/13364,,Mammal Research Institute of the Polish Academy of Sciences,,,https://ibs.bialowieza.pl/en/,,,https://twitter.com/mammres,https://www.wikidata.org/wiki/Q27726750
"[""2193-9616""]",In silico pharmacology,,https://www.springer.com/journal/40203/submission-guidelines,https://www.springer.com/journal/40203/editors,,https://www.springer.com/journal/40203,,,,,,,,,https://www.wikidata.org/wiki/Q27725327
"[""1063-7710"", ""1562-6865""]",Acoustical physics,,https://www.springer.com/journal/11441/submission-guidelines,https://www.springer.com/journal/11441/editors,,https://www.springer.com/journal/11441,,Russian Academy of Sciences,,,http://www.ras.ru/indexeng.html,,,,https://www.wikidata.org/wiki/Q4060253
"[""1088-0763"", ""1543-3390""]",Journal for the psychoanalysis of culture & society,,https://muse.jhu.edu/journal/222/doc/guidelines.html,https://muse.jhu.edu/issue/2843/doc/editorial.html#toc_header,,https://muse.jhu.edu/journal/222,,,,,,,,,https://www.wikidata.org/wiki/Q101177052
"[""0301-0422"", ""2107-6952""]",Public health reviews,,,,,https://publichealthreviews.biomedcentral.com/,,,,,,,,,https://www.wikidata.org/wiki/Q27712833
"[""1476-5365"", ""0268-3369""]",Bone marrow transplantation,,https://www.nature.com/bmt/authors-and-referees,https://www.nature.com/bmt/editors,,https://www.nature.com/bmt/,,European Society of Bone and Marrow Transplantation,,,https://www.ebmt.org/,,,https://twitter.com/bmtjournal,https://www.wikidata.org/wiki/Q4941523
"[""1365-2540"", ""0018-067X""]",Heredity,,https://www.nature.com/hdy/authors-and-referees/gta,,,https://www.nature.com/hdy/,,,,,,,,,https://www.wikidata.org/wiki/Q2261546
"[""2210-464X"", ""2210-4690""]",Journal of remanufacturing,,https://www.springer.com/journal/13243/submission-guidelines,https://www.springer.com/journal/13243/editors,,https://www.springer.com/journal/13243,,,,,,,,,https://www.wikidata.org/wiki/Q73900921
"[""1476-4660"", ""1476-1122""]",Nature materials,,,,,https://www.nature.com/nmat/,,,,,,,,,https://www.wikidata.org/wiki/Q1998645
"[""2198-994X""]","Renewables: wind, water, and solar",,https://jrenewables.springeropen.com/submission-guidelines,https://jrenewables.springeropen.com/about/editorial-board,,https://jrenewables.springeropen.com/,,,,,,,,,https://www.wikidata.org/wiki/Q50816160
"[""2059-0105""]",npj vaccines,,https://www.nature.com/npjvaccines/authors-and-referees,https://www.nature.com/npjvaccines/about/editors,,https://www.nature.com/npjvaccines/,,,,,,,,,https://www.wikidata.org/wiki/Q30275609
"[""1999-3110"", ""1817-406X""]",Botanical studies,,https://as-botanicalstudies.springeropen.com/submission-guidelines,https://as-botanicalstudies.springeropen.com/about/editorial-board,,https://as-botanicalstudies.springeropen.com/,,,,,,,,,https://www.wikidata.org/wiki/Q15750126
"[""0929-1903"", ""1476-5500""]",Cancer gene therapy,,https://www.nature.com/cgt/authors-and-referees,https://www.nature.com/cgt/editors,,https://www.nature.com/cgt/,,,,,,,,https://twitter.com/cgtnature,https://www.wikidata.org/wiki/Q15763088
"[""2524-5600"", ""2524-5619""]",Mechanics of Soft Materials,,https://www.springer.com/journal/42558/submission-guidelines,https://www.springer.com/journal/42558/editors,,https://www.springer.com/journal/42558,,,,,,,,,https://www.wikidata.org/wiki/Q96728232
"[""1759-4766"", ""1759-4758""]",Nature reviews,Nature Reviews Neurology,,,,https://www.nature.com/nrneurol/,,,,,,,,,https://www.wikidata.org/wiki/Q2079285
"[""0307-0565"", ""1476-5497""]",International journal of obesity,,https://www.nature.com/ijo/authors-and-referees/gta,https://www.nature.com/ijo/editors/editorial-board,,https://www.nature.com/ijo/,,,,,,,,,https://www.wikidata.org/wiki/Q6051519
"[""2058-6124""]",Spinal cord series and cases,,https://www.nature.com/scsandc/authors-and-referees,https://www.nature.com/scsandc/editors,https://www.facebook.com/SCSCNature/,https://www.nature.com/scsandc/,,International Spinal Cord Society,,,https://www.iscos.org.uk/,,,https://twitter.com/spinalcord_scsc,https://www.wikidata.org/wiki/Q27727366
"[""1933-0219"", ""1935-3456""]",Mucosal immunology,,,,,https://www.nature.com/mi/,,,,,,,,,https://www.wikidata.org/wiki/Q15817743
"[""2056-7936""]",npj science of learning,,,,,https://www.nature.com/npjscilearn/,,,,,,,,,https://www.wikidata.org/wiki/Q27727594
"[""1476-4679"", ""1465-7392""]",Nature cell biology,,,,,https://www.nature.com/ncb/,,,,,,,,,https://www.wikidata.org/wiki/Q1574111
"[""1178-1661"", ""1178-1653""]",The patient,The Patient - Patient-Centered Outcomes Research,https://www.springer.com/journal/40271/submission-guidelines,https://www.springer.com/journal/40271/editors,,https://www.springer.com/journal/40271,,International Academy of Health Preference Research,,,http://iahpr.org/,,,,https://www.wikidata.org/wiki/Q7756344
"[""2522-5812""]",Nature metabolism,,https://www.nature.com/natmetab/for-authors,https://www.nature.com/natmetab/about/editors,,https://www.nature.com/natmetab/,,,,,,,,https://twitter.com/natmetabolism,https://www.wikidata.org/wiki/Q96320741
"[""2008-9244"", ""2193-8865""]",Journal of nanostructure in chemistry,,https://www.springer.com/journal/40097/submission-guidelines,https://www.springer.com/journal/40097/editors,,https://www.springer.com/journal/40097,,Islamic Azad University,,,http://www.intl.iau.ir,,,,https://www.wikidata.org/wiki/Q27727503
"[""2314-8535"", ""2314-8543""]",Beni-Seuf University Journal of Basic and Applied Sciences (Print),Beni-Seuf University Journal of Basic and Applied Sciences,https://bjbas.springeropen.com/submission-guidelines,https://bjbas.springeropen.com/about/editorial-board,,https://bjbas.springeropen.com/,,Beni-Suef University.,,,http://www.bsu.edu.eg/home.aspx?lang=en,,,,https://www.wikidata.org/wiki/Q96695592
"[""2730-7999""]",Nature Italy,,,,,https://www.nature.com/natitaly,,,,,,,,,
"[""1529-2908"", ""1529-2916""]",Nature immunology,,,,,https://www.nature.com/ni/,,,,,,,,,https://www.wikidata.org/wiki/Q1071725
"[""2008-9295"", ""2228-5326""]",International nano letters,,https://www.springer.com/journal/40089/submission-guidelines,https://www.springer.com/journal/40089/editors,,https://www.springer.com/journal/40089,,Islamic Azad University,,,http://www.intl.iau.ir,,,,https://www.wikidata.org/wiki/Q27725373
"[""1384-5748"", ""1740-3898""]",International politics,,https://www.palgrave.com/gp/journal/41311/authors/submission,https://www.palgrave.com/gp/journal/41311/about/editorial-board,,https://www.palgrave.com/us/journal/41311,,,,,,,,https://twitter.com/ip_palgrave,https://www.wikidata.org/wiki/Q15755402
"[""2054-345X""]",Human genome variation,,https://www.nature.com/hgv/authors-and-referees,https://www.nature.com/hgv/about/editorial-board,,https://www.nature.com/hgv/,,Zhejiang University,Zhejiang University Press,,http://www.zju.edu.cn/,http://www.zjujournals.com,,,https://www.wikidata.org/wiki/Q27726811
"[""2193-9764"", ""2193-9772""]",Integrating materials and manufacturing innovation,,https://www.springer.com/journal/40192/submission-guidelines,https://www.springer.com/journal/40192/editors,,https://www.springer.com/journal/40192,,"The Minerals, Metals & Materials Society (TMS)",,,https://www.springer.com/journal/40192/updates/17302370,,,,https://www.wikidata.org/wiki/Q73378801
"[""2397-768X""]",npj precision oncology,,,,,https://www.nature.com/npjprecisiononcology/,,,,,,,,,https://www.wikidata.org/wiki/Q50817392
"[""2199-7454"", ""2199-7446""]",Journal of dynamic behavior of materials,,https://www.springer.com/journal/40870/submission-guidelines,https://www.springer.com/journal/40870/editors,,https://www.springer.com/journal/40870,,,,,,,,,https://www.wikidata.org/wiki/Q96327742
"[""2522-5820""]",Nature reviews physics,,https://www.nature.com/natrevphys/for-authors,https://www.nature.com/natrevphys/about/editors,,https://www.nature.com/natrevphys/,,,,,,,,https://twitter.com/natrevphys,https://www.wikidata.org/wiki/Q96717810
"[""2399-3669""]",Communications chemistry,,https://www.nature.com/commschem/submit/guide-to-authors,https://www.nature.com/commschem/about/editorial-board,,https://www.nature.com/commschem/,,,,,,,,,https://www.wikidata.org/wiki/Q62024286
"[""1555-6190"", ""0031-918X""]",The Physics of metals and metallography,,https://www.springer.com/journal/11508/submission-guidelines,https://www.springer.com/journal/11508/editors,,https://www.springer.com/journal/11508,,,,,,,,,https://www.wikidata.org/wiki/Q15757708
"[""2056-5968""]",Cell discovery,,,https://www.nature.com/celldisc/about/editorial-board,,https://www.nature.com/celldisc/,,,,,,,,,https://www.wikidata.org/wiki/Q27726611
"[""1432-0517"", ""0949-1775""]",Accreditation and quality assurance,,https://www.springer.com/journal/769/submission-guidelines,https://www.springer.com/journal/769/editors,,https://www.springer.com/journal/769,,,,,,,,,https://www.wikidata.org/wiki/Q15753197
"[""1530-0447"", ""0031-3998""]",Pediatric research,,https://www.nature.com/pr/authors-and-referees,https://www.nature.com/pr/about/editors,,https://www.nature.com/pr/,,American Pediatric Society,European Society for Paediatric Research,Society for Pediatric Research,https://www.aps1888.org/,https://www.espr.eu/,https://www.societyforpediatricresearch.org/,https://twitter.com/ped_research,https://www.wikidata.org/wiki/Q7159215
"[""2241-5793"", ""1790-045X""]",Journal of Biological Research,,https://jbiolres.biomedcentral.com/submission-guidelines,https://jbiolres.biomedcentral.com/about/editorial-board,,https://jbiolres.biomedcentral.com/,,Aristotle University of Thessaloniki,,,https://www.auth.gr/en/uni,,,,https://www.wikidata.org/wiki/Q26842888
"[""1476-5594"", ""0950-9232""]",Oncogene,,https://www.nature.com/onc/authors-and-referees,https://www.nature.com/onc/editors,,https://www.nature.com/onc/,,,,,,,,https://twitter.com/oncogenejournal,https://www.wikidata.org/wiki/Q1568657
"[""2524-7972"", ""2524-7867""]",Biochar,,https://www.springer.com/journal/42773/submission-guidelines,https://www.springer.com/journal/42773/editors,,https://link.springer.com/journal/42773,,,,,,,,,https://www.wikidata.org/wiki/Q96695975
"[""1434-5161"", ""1435-232X""]",Journal of human genetics (Print),Journal of human genetics,https://www.wikidata.org/wiki/Q6295302,https://www.nature.com/jhg/editors/editorial-board,,https://www.nature.com/jhg/,,,,,,,,,
"[""1687-6180"", ""1687-6172""]",EURASIP Journal on Advances in Signal Processing (Print),EURASIP Journal on Advances in Signal Processing,https://asp-eurasipjournals.springeropen.com/submission-guidelines,https://asp-eurasipjournals.springeropen.com/about/editorial-board,,https://asp-eurasipjournals.springeropen.com/,,European Association for Signal Processing,,,https://www.eurasip.org/,,,,https://www.wikidata.org/wiki/Q5324552
"[""2046-2174"", ""2046-2166""]",International journal of obesity supplements,,,,,https://www.nature.com/ijosup/,,,,,,,,,https://www.wikidata.org/wiki/Q26841880
"[""1824-7288"", ""1720-8424""]",The Italian Journal of Pediatrics,,https://ijponline.biomedcentral.com/submission-guidelines,https://ijponline.biomedcentral.com/about/editorial-board,,https://ijponline.biomedcentral.com/,,,,,,,,,https://www.wikidata.org/wiki/Q27719514
"[""1470-269X"", ""1473-1150""]",Pharmacogenomics journal (Print),The Pharmacogenomics Journal,https://www.nature.com/tpj/authors-and-referees,https://www.nature.com/tpj/editors,,https://www.nature.com/tpj/,,,,,,,,,https://www.wikidata.org/wiki/Q10534704
"[""2049-1891"", ""1674-9782""]",Journal of Animal Science and Biotechnology,,https://jasbsci.biomedcentral.com/submission-guidelines,https://jasbsci.biomedcentral.com/about/editorial-board,,https://jasbsci.biomedcentral.com/,,,,,,,,,https://www.wikidata.org/wiki/Q26842712
"[""2058-8437""]",Nature reviews,Nature reviews. Materials,,,,https://www.nature.com/natrevmats/,,,,,,,,,https://www.wikidata.org/wiki/Q27727653
"[""2309-4710"", ""0218-2203""]",AAPPS bulletin,,https://www.springer.com/journal/43673/submission-guidelines,https://www.springer.com/journal/43673/editors,,https://www.springer.com/journal/43673,,Association of Asia Pacific Physical Societies,,,http://www.aapps.org/,,,,https://www.wikidata.org/wiki/Q73378251
"[""2049-3169"", ""1674-2818""]",International Journal of Oral Science,,,https://www.nature.com/ijos/about/editorial-board,,https://www.nature.com/ijos/,,,,,,,,,https://www.wikidata.org/wiki/Q15724662
"[""2662-8643""]",eLight,,https://elight.springeropen.com/submission-guidelines,https://elight.springeropen.com/about/editorial-board,,https://elight.springeropen.com/,,,,,,,,,
"[""2090-4762"", ""0378-603X""]",The Egyptian Journal of Radiology and Nuclear Medicine (Print),The Egyptian Journal of Radiology and Nuclear Medicine,https://ejrnm.springeropen.com/submission-guidelines,https://ejrnm.springeropen.com/about/editorial-board,,https://ejrnm.springeropen.com/,,,,,,,,,https://www.wikidata.org/wiki/Q50478512
"[""1897-4287"", ""1731-2302""]",Hereditary Cancer in Clinical Practice,,https://hccpjournal.biomedcentral.com/submission-guidelines,,,https://link.springer.com/journal/13053/volumes-and-issues,,,,,,,,,https://www.wikidata.org/wiki/Q1843481
"[""2396-8370""]",npj science of food,,,,,https://www.nature.com/npjscifood/,,,,,,,,,https://www.wikidata.org/wiki/Q50817369
"[""2296-9020"", ""2296-9039""]",Journal of elliptic and parabolic equations,,https://www.springer.com/journal/41808/submission-guidelines,https://www.springer.com/journal/41808/editors,,https://www.springer.com/journal/41808,,,,,,,,,https://www.wikidata.org/wiki/Q96714075
"[""2058-7716""]",Cell death discovery,,https://www.nature.com/cddiscovery/authors-and-referees/gta,https://www.nature.com/cddiscovery/editors/editorial-board,,https://www.nature.com/cddiscovery/,,,,,,,,,https://www.wikidata.org/wiki/Q27726740
"[""1092-8472"", ""1534-309X""]",Current treatment options in gastroenterology,,https://www.springer.com/journal/11938/submission-guidelines,https://www.springer.com/journal/11938/editors,,https://www.springer.com/journal/11938,,,,,,,,,https://www.wikidata.org/wiki/Q27714745
"[""1432-1858"", ""0946-7076""]",Microsystem technologies,,https://www.springer.com/journal/542/submission-guidelines,https://www.springer.com/journal/542/editors,,https://www.springer.com/journal/542,,,,,,,,,https://www.wikidata.org/wiki/Q2213041
"[""2397-3722""]",npj climate and atmospheric science,,,,,https://www.nature.com/npjclimatsci/,,,,,,,,,https://www.wikidata.org/wiki/Q96321060
"[""0020-3157"", ""1572-9052""]",Annals of the Institute of Statistical Mathematics,,https://www.springer.com/journal/10463/submission-guidelines,https://www.springer.com/journal/10463/editors,,https://www.springer.com/journal/10463,,,,,,,,,https://www.wikidata.org/wiki/Q15765613
"[""2399-3642""]",Communications biology,,https://www.nature.com/commsbio/submit/guide-to-authors,https://www.nature.com/commsbio/about/editorial-board,,https://www.nature.com/commsbio/,,,,,,,,,https://www.wikidata.org/wiki/Q60029756
"[""2192-8665"", ""0170-6659""]",Die Bankfachklasse,Bankfachklasse,,https://www.springer.com/journal/35139/editors,,https://www.springer.com/journal/35139,,,,,,,,,https://www.wikidata.org/wiki/Q96706948
"[""1573-1111"", ""1388-3127""]",Journal of inclusion phenomena and macrocyclic chemistry,,https://www.springer.com/journal/10847/submission-guidelines,https://www.springer.com/journal/10847/editors,,https://www.springer.com/journal/10847,,,,,,,,,https://www.wikidata.org/wiki/Q15756162
"[""0032-3896"", ""1349-0540""]",Polymer journal,,,https://www.nature.com/pj/editors/editorial-board,,https://www.nature.com/pj/,,,,,,,,,https://www.wikidata.org/wiki/Q3907754
"[""0884-2914"", ""1091-8876"", ""0884-1616"", ""1092-8928"", ""2044-5326""]",Pratt's guide to venture capital sources,Journal of Materials Research,https://www.springer.com/journal/43578/submission-guidelines,https://www.springer.com/journal/43578/editors,,https://www.springer.com/journal/43578,,,,,,,,,https://www.wikidata.org/wiki/Q15760559
"[""1755-4330"", ""1755-4349""]",Nature chemistry,,,,,https://www.nature.com/nchem/,,,,,,,,,https://www.wikidata.org/wiki/Q2107904
"[""2730-9878""]",Nature Africa,,,,,https://www.nature.com/natafrica/,,,,,,,,,
"[""2056-807X""]",BDJ open,,https://www.nature.com/bdjopen/authors-and-referees,https://www.nature.com/bdjopen/about/editors,,https://www.nature.com/bdjopen/,,British Dental Association,,,http://www.bda.org/,,,,https://www.wikidata.org/wiki/Q73378399
"[""2234-1757"", ""2234-1749""]",Fisheries and aquatic sciences (Print),Fisheries and aquatic sciences,,,,https://fas.biomedcentral.com/,,,,,,,,,https://www.wikidata.org/wiki/Q27726864
"[""0893-133X"", ""1740-634X""]",Neuropsychopharmacology,,,https://www.nature.com/npp/editors/editorial-board,,https://www.nature.com/npp/,,,,,,,,,https://www.wikidata.org/wiki/Q2261280
"[""2730-9401""]",Molecular Horticulture,,https://molhort.biomedcentral.com/submission-guidelines,https://molhort.biomedcentral.com/about/editorial-board,,https://molhort.biomedcentral.com/,,,,,,,,,
"[""2662-4435""]",Communications earth & environment,,https://www.nature.com/commsenv/submit/guide-to-authors,https://www.nature.com/commsenv/about/editorial-board,,https://www.nature.com/commsenv/,,,,,,,,,
"[""0016-6987"", ""2035-5556""]",Genus,,https://genus.springeropen.com/submission-guidelines,https://genus.springeropen.com/about/editorial-board,,https://genus.springeropen.com/,,,,,,,,,https://www.wikidata.org/wiki/Q15757459
"[""2045-2322""]",Scientific reports,,,https://www.nature.com/srep/about/editors,,https://www.nature.com/srep/,,,,,,,,,https://www.wikidata.org/wiki/Q2261792
"[""1572-980X"", ""1568-7767""]",Phytochemistry reviews,,https://www.springer.com/journal/11101/submission-guidelines,https://www.springer.com/journal/11101/editors,,https://www.springer.com/journal/11101,,The Phytochemical Society of Europe,The Phytochemical Society of North America,,http://www.phytochemicalsociety.org/,http://psna-online.org/,,,https://www.wikidata.org/wiki/Q2358533
"[""1552-4450"", ""1552-4469""]",Nature chemical biology,,,,,https://www.nature.com/nchembio/,,,,,,,,,https://www.wikidata.org/wiki/Q904026
"[""2056-4805"", ""2056-4813""]",BDJ student,,,,,https://www.nature.com/bdjstudent/,,,,,,,,,https://www.wikidata.org/wiki/Q96695446
"[""2288-8586"", ""2288-8101""]",Maxillofacial Plastic and Reconstructive Surgery,,https://jkamprs.springeropen.com/submission-guidelines,https://jkamprs.springeropen.com/about/editorial-board,,https://jkamprs.springeropen.com/,,Korean Association of Maxillofacial Plastic and Reconstructive Surgery,"Japanese Society of Jaw Deformities,  Taiwan Association of Oral and Maxillofacial Surgeons",Iranian Association of Oral and Maxillofacial Surgeons,http://eng.kamprs.or.kr/,https://www.aoms.org.tw/taoms/home.aspx,http://soms.ir/en,,https://www.wikidata.org/wiki/Q27725997
"[""2095-5545"", ""2047-7538""]","Light, science & applications",,,https://www.nature.com/lsa/about/editorial-board,,https://www.nature.com/lsa/,,,,,,,,,https://www.wikidata.org/wiki/Q29310572
"[""2364-4176"", ""2364-4184""]",Innovative infrastructure solutions,,,https://www.springer.com/journal/41062/editors,,https://www.springer.com/journal/41062,,,,,,,,,https://www.wikidata.org/wiki/Q96331618
"[""1548-7105"", ""1548-7091""]",Nature methods,,,,,https://www.nature.com/nmeth/,,,,,,,,,https://www.wikidata.org/wiki/Q680640
"[""1934-936X"", ""1063-455X""]",Journal of water chemistry and technology,,https://www.springer.com/journal/11962/submission-guidelines,https://www.springer.com/journal/11962/editors,,https://www.springer.com/journal/11962,,,,,,,,,https://www.wikidata.org/wiki/Q15764943
"[""2055-5008""]",npj biofilms and microbiomes,,https://www.nature.com/npjbiofilms/authors-and-referees,https://www.nature.com/npjbiofilms/about/editors,,https://www.nature.com/npjbiofilms/,,Singapore Centre for Environmental Life Sciences Engineering,,,http://www.scelse.sg/,,,,https://www.wikidata.org/wiki/Q27726807
"[""2522-8552"", ""2096-5524""]",Bio-design and manufacturing,,https://www.springer.com/journal/42242/submission-guidelines,https://www.springer.com/journal/42242/editors,,https://www.springer.com/journal/42242,,Zhejiang University,Zhejiang University Press,,http://www.zju.edu.cn/,http://www.zjujournals.com,,,https://www.wikidata.org/wiki/Q96320660
"[""0950-222X"", ""1476-5454""]",Eye,,https://www.nature.com/eye/authors-and-referees/gta,,,https://www.nature.com/eye/,,,,,,,,,https://www.wikidata.org/wiki/Q10278937
"[""1880-9693"", ""1880-8190""]",Inflammation and regeneration,,https://inflammregen.biomedcentral.com/submission-guidelines,https://inflammregen.biomedcentral.com/about/editorial-board,,https://inflammregen.biomedcentral.com/,,Japanese Society of Inflammation and Regeneration,,,https://inflammregen.biomedcentral.com/society,,,,https://www.wikidata.org/wiki/Q27723951
"[""1758-678X"", ""1758-6798""]",Nature climate change,,https://www.nature.com/nclimate/for-authors,https://www.nature.com/nclimate/about/editors,https://www.facebook.com/NatureClimateChange/,https://www.nature.com/nclimate/,,,,,,,,https://twitter.com/natureclimate,https://www.wikidata.org/wiki/Q1970247
"[""1594-0667"", ""1720-8319""]",Aging Clinical and Experimental Research,,https://www.springer.com/journal/40520/submission-guidelines,https://www.springer.com/journal/40520/editors,,https://www.springer.com/journal/40520,,,,,,,,,https://www.wikidata.org/wiki/Q15754191
"[""1476-5446"", ""1462-0049""]",Evidence-based dentistry,,,https://www.nature.com/ebd/about/editorialboard,,https://www.nature.com/ebd/,,,,,,,,,https://www.wikidata.org/wiki/Q27720817
"[""1005-1031"", ""1993-0445"", ""1000-4424""]",Gao-xiao yingyong shuxue xuebao,Applied Mathematics-A Journal of Chinese Universities,https://www.springer.com/journal/11766/submission-guidelines,https://www.springer.com/journal/11766/editors,,https://www.springer.com/journal/11766,,,,,,,,,https://www.wikidata.org/wiki/Q15757211
"[""1476-5551"", ""0887-6924""]",Leukemia,,https://www.nature.com/leu/authors-and-referees/gta,https://www.nature.com/leu/editors/editorial-board,,https://www.nature.com/leu/,,,,,,,,,https://www.wikidata.org/wiki/Q6534498
"[""1476-5403"", ""1350-9047""]",Cell death and differentiation,,https://www.nature.com/cdd/authors-and-referees/gta,https://www.nature.com/cdd/editors/editorial-board,,https://www.nature.com/cdd/,,,,,,,,,https://www.wikidata.org/wiki/Q2943974
"[""1479-7364"", ""1473-9542""]",Human genomics,,https://humgenomics.biomedcentral.com/submission-guidelines,https://humgenomics.biomedcentral.com/about/editorial-board,,https://humgenomics.biomedcentral.com/,,,,,,,,,https://www.wikidata.org/wiki/Q26842690
"[""2662-8449""]",Nature Reviews Methods Primers,,,,,https://www.nature.com/nrmp/,,,,,,,,,
"[""1432-2307"", ""0945-6317""]",Virchows Archiv,,https://www.springer.com/journal/428/submission-guidelines,https://www.springer.com/journal/428/editors,,https://www.springer.com/journal/428,,,,,,,,,https://www.wikidata.org/wiki/Q19059548
"[""2057-3995""]",npj regenerative medicine,,https://www.nature.com/npjregenmed/authors-and-referees,https://www.nature.com/npjregenmed/about/editors,,https://www.nature.com/npjregenmed/,,,,,,,,,https://www.wikidata.org/wiki/Q50815323
"[""2251-7316"", ""2228-7566""]",Journal of global entrepreneurship research,,https://www.springer.com/journal/40497/submission-guidelines,https://www.springer.com/journal/40497/editors,,https://www.springer.com/journal/40497,,,,,,,,,https://www.wikidata.org/wiki/Q50807238
"[""1530-0285"", ""0893-3952""]",Modern pathology,,https://www.nature.com/modpathol/authors-and-referees,https://www.nature.com/modpathol/editors,https://www.facebook.com/USCAPModPath/,https://www.nature.com/modpathol/,,Zhejiang University,Zhejiang University Press,United States & Canadian Academy of Pathology,http://www.zju.edu.cn/,http://www.zjujournals.com,https://uscap.org,https://twitter.com/modernpathology,https://www.wikidata.org/wiki/Q15724578
"[""0100-8404"", ""1806-9959""]",Revista Brasileira de Botânica,Brazilian Journal of Botany,https://www.springer.com/journal/40415/submission-guidelines,https://www.springer.com/journal/40415/editors,,https://www.springer.com/journal/40415,,,,,,,,,https://www.wikidata.org/wiki/Q27721675
"[""2662-1355""]",Nature food,,,,,https://www.nature.com/natfood/,,,,,,,,,https://www.wikidata.org/wiki/Q96319265
"[""1355-008X"", ""1559-0100""]",Endocrine,,https://www.springer.com/journal/12020/submission-guidelines,https://www.springer.com/journal/12020/editors,,https://www.springer.com/journal/12020,,,,,,,,,https://www.wikidata.org/wiki/Q15757048
"[""2397-4621""]",npj flexible electronics,,https://www.nature.com/npjflexelectron/authors-and-referees,https://www.nature.com/npjflexelectron/about/editors,,https://www.nature.com/npjflexelectron/,,,,,,,,,https://www.wikidata.org/wiki/Q50817396
"[""2288-1220"", ""2287-8327""]",Journal of ecology and environment,,https://jecoenv.biomedcentral.com/submission-guidelines,https://jecoenv.biomedcentral.com/about/editorial-board,,https://jecoenv.biomedcentral.com/,,Ecological Society of Korea,,,http://www.ecosk.org/,,,,https://www.wikidata.org/wiki/Q27726423
"[""1748-3395"", ""1748-3387""]",Nature nanotechnology,,,,,https://www.nature.com/nnano/,,,,,,,,,https://www.wikidata.org/wiki/Q920399
"[""2167-4833""]",Current physical medicine and rehabilitation reports,,https://www.springer.com/journal/40141/submission-guidelines,https://www.springer.com/journal/40141/editors,,https://www.springer.com/journal/40141,,,,,,,,,https://www.wikidata.org/wiki/Q27725243
"[""1476-5608"", ""1365-7852""]",Prostate cancer and prostatic diseases,,https://www.nature.com/pcan/authors-and-referees/guide-to-authors,https://www.nature.com/pcan/editors/editorial-board,,https://www.nature.com/pcan/,,,,,,,,,https://www.wikidata.org/wiki/Q2108326
"[""1545-9985"", ""1545-9993""]",Nature structural & molecular biology,,https://www.nature.com/nsmb/for-authors,https://www.nature.com/nsmb/about/editors,,https://www.nature.com/nsmb/,,,,,,,,https://twitter.com/naturesmb,https://www.wikidata.org/wiki/Q1071739
"[""0028-0836"", ""1476-4687""]",Nature,,,,,https://www.nature.com/,,,,,,,,,https://www.wikidata.org/wiki/Q180445
"[""1546-1696"", ""1087-0156""]",Nature biotechnology,,,,,https://www.nature.com/nbt/,,,,,,,,,https://www.wikidata.org/wiki/Q1893837
"[""2192-8754"", ""1436-9095""]",Wasser und Abfall,,"",https://www.springer.com/journal/35152/editors,,https://www.springer.com/journal/35152,,"Bundes der Ingenieure für Wasserwirtschaft, Abfallwirtschaft und Kulturbau e. V.",,,https://bwk-bund.de/,,,,https://www.wikidata.org/wiki/Q15853709
"[""2057-3960""]",npj computational materials,,,,,https://www.nature.com/npjcompumats/,,,,,,,,,https://www.wikidata.org/wiki/Q50815324
"[""2092-6413"", ""1226-3613""]",Experimental and Molecular Medicine,,,https://www.nature.com/emm/editors/editorial-board,,https://www.nature.com/emm/,,,,,,,,,https://www.wikidata.org/wiki/Q15758292
"[""2041-1723""]",Nature communications,,https://www.nature.com/ncomms/submit/guide-to-authors,,,https://www.nature.com/ncomms/,,,,,,,,,https://www.wikidata.org/wiki/Q573880
"[""2374-4677""]",NPJ breast cancer,,,,,https://www.nature.com/npjbcancer/,,,,,,,,,https://www.wikidata.org/wiki/Q27727120
"[""2056-6387""]",npj quantum information,,,,,https://www.nature.com/npjqi/,,,,,,,,,https://www.wikidata.org/wiki/Q30644766
"[""1752-0894"", ""1752-0908""]",Nature geoscience,,https://www.nature.com/ngeo/for-authors,https://www.nature.com/ngeo/about/editors,,https://www.nature.com/ngeo/,,,,,,,,https://twitter.com/naturegeosci,https://www.wikidata.org/wiki/Q1337483
"[""2520-1131""]",Nature electronics,,https://www.nature.com/natelectron/info,https://www.nature.com/natelectron/about/editors,,https://www.nature.com/natelectron/,,,,,,,,https://twitter.com/natureelectron,https://www.wikidata.org/wiki/Q47149646
"[""1471-2148""]",BMC evolutionary biology,,https://bmcecolevol.biomedcentral.com/submission-guidelines,https://bmcecolevol.biomedcentral.com/about/editorial-board,,https://bmcecolevol.biomedcentral.com/,,,,,,,,,https://www.wikidata.org/wiki/Q13418959
"[""2520-1158""]",Nature Catalysis,,https://www.nature.com/natcatal/info/gta,,,https://www.nature.com/natcatal/,,,,,,,,,https://www.wikidata.org/wiki/Q87347989
"[""2158-3188""]",Translational psychiatry,,,https://www.nature.com/tp/editors/editorial-board,,https://www.nature.com/tp/,,,,,,,,,https://www.wikidata.org/wiki/Q15716636
"[""2334-265X""]",npj schizophrenia,,https://www.nature.com/npjschz/authors-and-referees,https://www.nature.com/npjschz/about/editors,,https://www.nature.com/npjschz/,,,,,,,,,https://www.wikidata.org/wiki/Q27726482
"[""2730-6283"", ""2730-6275""]",Biopharma Dealmakers,,"",https://www.nature.com/biopharmdeal/team,,https://www.nature.com/biopharmdeal/,,,,,,,,https://twitter.com/bpdealmakers,
"[""1759-5029"", ""1759-5037""]",Nature reviews,Nature Reviews Endocrinology,,,,https://www.nature.com/nrendo/,,,,,,,,,https://www.wikidata.org/wiki/Q2079257
"[""2095-4700"", ""2095-6231""]",Bone Research,,https://www.nature.com/boneres/authors-and-referees,https://www.nature.com/boneres/about/editorial-board,,https://www.nature.com/boneres/,,"West China School of Stomatology, Sichuan University",,,http://www.hxkq.org/,,,,https://www.wikidata.org/wiki/Q26842189
"[""1740-1526"", ""1740-1534""]",Nature reviews,Nature Reviews Microbiology,,,,https://www.nature.com/nrmicro/,,,,,,,,,https://www.wikidata.org/wiki/Q1071797
"[""2055-0278""]",Nature plants,,https://www.nature.com/nplants/info/gta,,,https://www.nature.com/nplants/,,,,,,,,,https://www.wikidata.org/wiki/Q27726299
"[""1471-0072"", ""1471-0080""]",Nature reviews,Nature Reviews Molecular Cell Biology,,,,https://www.nature.com/nrm/,,,,,,,,,https://www.wikidata.org/wiki/Q1573120
"[""1671-4083"", ""1745-7254""]",Acta pharmacologica Sinica,,https://www.nature.com/aps/authors-and-referees,https://www.nature.com/aps/about/editorial-board,,https://www.nature.com/aps/,,"Shanghai Institute of Materia Medica (SIMM), Chinese Academy of Sciences",,,http://english.simm.cas.cn/,,,,https://www.wikidata.org/wiki/Q15749885
"[""1759-5002"", ""1759-5010""]",Nature reviews,Nature Reviews Cardiology,,,,https://www.nature.com/nrcardio/,,,,,,,,,https://www.wikidata.org/wiki/Q2108444
"[""2730-6151""]",ISME Communications,,https://www.nature.com/ismecomms/authors-and-referees/gta,,,https://www.nature.com/ismecomms/,,,,,,,,,
"[""0743-8346"", ""1476-5543""]",Journal of perinatology,,https://www.nature.com/jp/authors-and-referees,https://www.nature.com/jp/editors,,https://www.nature.com/jp/,,,,,,,,https://twitter.com/jperinatology,https://www.wikidata.org/wiki/Q18626659
"[""2661-8001""]",npj Urban Sustainability,,https://www.nature.com/npjurbansustain/authors-and-referees,https://www.nature.com/npjurbansustain/about/editors,,https://www.nature.com/npjurbansustain/,,,,,,,,,https://www.wikidata.org/wiki/Q96720001
"[""2397-4648""]",npj quantum materials,,https://www.nature.com/npjquantmats/authors-and-referees,,,https://www.nature.com/npjquantmats/,,,,,,,,,https://www.wikidata.org/wiki/Q50817395
"[""1560-8115"", ""2008-2231""]",Daru,DARU Journal of Pharmaceutical Sciences,https://www.springer.com/journal/40199/submission-guidelines,https://www.springer.com/journal/40199/editors,,https://www.springer.com/journal/40199,,,,,,,,,https://www.wikidata.org/wiki/Q5204310
"[""1759-4812"", ""1759-4820""]",Nature reviews,Nature Reviews Urology,,,,https://www.nature.com/nrurol/,,,,,,,,,https://www.wikidata.org/wiki/Q2079265
"[""2192-8770"", ""0944-3223"", ""1616-0584""]",Bank-Magazin,Bankmagazin,,https://www.springer.com/journal/35127/editors,,https://www.springer.com/journal/35127,,,,,,,,,https://www.wikidata.org/wiki/Q96706962
"[""1759-5053"", ""1759-5045""]",Nature reviews,Nature Reviews Gastroenterology & Hepatology,,,,https://www.nature.com/nrgastro/,,,,,,,,,https://www.wikidata.org/wiki/Q2108255
"[""2373-8057""]",NPJ Parkinson's disease,,https://www.nature.com/npjparkd/authors-and-referees,https://www.nature.com/npjparkd/about/editors,,https://www.nature.com/npjparkd/,,The Parkinson's Foundation,,,http://parkinson.org,,,,https://www.wikidata.org/wiki/Q27727151
"[""2397-334X""]",Nature ecology & evolution,,https://www.nature.com/natecolevol/info/gta,,,https://www.nature.com/natecolevol/,,,,,,,,,https://www.wikidata.org/wiki/Q39049712
"[""0019-5480"", ""0973-1458"", ""0974-9845""]",Indian Journal of Physics and Proceedings of the Indian Association for the Cultivation of Science,Indian Journal of Physics,https://www.springer.com/journal/12648/submission-guidelines,https://www.springer.com/journal/12648/editors,,https://www.springer.com/journal/12648,,,,,,,,,https://www.wikidata.org/wiki/Q28126659
"[""2662-138X""]",Nature reviews,Nature Reviews Earth & Environment,,,,https://www.nature.com/natrevearthenviron/,,,,,,,,,https://www.wikidata.org/wiki/Q96717806
"[""2397-7132""]",npj 2D materials and applications,,,,,https://www.nature.com/npj2dmaterials/,,,,,,,,,https://www.wikidata.org/wiki/Q50817394
"[""2041-4889""]",Cell death and disease,,https://www.nature.com/cddis/authors-and-referees,https://www.nature.com/cddis/editors,,https://www.nature.com/cddis/,,,,,,,,,https://www.wikidata.org/wiki/Q2197222
"[""2056-7189""]",npj systems biology and applications,,,,,https://www.nature.com/npjsba/,,,,,,,,,https://www.wikidata.org/wiki/Q27727264
"[""1476-5462"", ""0969-7128""]",Gene therapy,,https://www.nature.com/gt/authors-and-referees/gta,https://www.nature.com/gt/editors/editorial-board,,https://www.nature.com/gt/,,,,,,,,,https://www.wikidata.org/wiki/Q15763095
"[""2192-8762"", ""0043-0978""]",Wasserwirtschaft,,,https://www.springer.com/journal/35147/editors,,https://www.springer.com/journal/35147,,,,,,,,,https://www.wikidata.org/wiki/Q1749942
"[""1348-4214"", ""0916-9636""]",Hypertension research,,https://www.nature.com/hr/authors-and-referees,https://www.nature.com/hr/editors,,https://www.nature.com/hr/,,Japanese Society of Hypertension,,,http://www.jpnsh.jp/index.html,,,,https://www.wikidata.org/wiki/Q15762136